Station,Lat,Long
EA001.00,44.38102000013988,-68.81900000014859
EA003.50,44.39975000018419,-68.78741999986306
EA004.00,44.398190000006025,-68.80232999975246
EA005.00,44.4043199999328,-68.7737200000976
EA006.00,44.42723000003168,-68.76132999991613
EA007.00,44.43439000013152,-68.74319000034879
EA009.00,44.45716000019285,-68.72609999985615
EA010.00,44.46020999966638,-68.73288000045702
EA011.00,44.466349999710665,-68.73826999999041
EA012.00,44.468310000078404,-68.72565000035861
EA013.00,44.46508999999193,-68.71980000002885
EA014.00,44.46275999973661,-68.709019999597
EA014.90,44.454290000011746,-68.70865000010832
EA015.00,44.45335000024859,-68.70589999974567
EA015.50,44.45039999984421,-68.71303000027774
EA017.00,44.439130000109664,-68.72584999979632
EA019.00,44.398610000221346,-68.70458999980232
EA019.10,44.395709999847455,-68.70421999995762
EA019.20,44.39495999973572,-68.68445000036047
EA019.23,44.39401999972846,-68.68329000041872
EA019.27,44.39182999972465,-68.68483000009986
EA019.38,44.38422000025581,-68.67565000026212
EA019.39,44.38413999996026,-68.67236999985926
EA019.42,44.38140000014307,-68.67388000019838
EA021.00,44.41072999984427,-68.74170000018174
EA023.00,44.402089999939804,-68.76265000038664
EA024.00,44.389720000181335,-68.77994000035673
EA026.00,44.372000000041396,-68.76232000001228
EA027.00,44.36435999985229,-68.76016000030425
EA028.00,44.35819000001054,-68.76602999994051
EA029.00,44.37065999987767,-68.78504000026032
EA031.00,44.370409999845016,-68.78777000018988
EB001.00,44.31097999973968,-68.80242000023786
EB002.00,44.32037000002319,-68.78891000026506
EB003.00,44.32614999979501,-68.77225000029826
EB004.00,44.34988999994401,-68.74951999992955
EB004.50,44.332799999906264,-68.74487000012466
EB008.60,44.3204999999602,-68.7228900006058
EB009.00,44.319990000137125,-68.71939000004299
EB010.00,44.31399999973612,-68.70817999992259
EB012.00,44.30142000025799,-68.67870999988092
EB013.00,44.2974199998376,-68.67437000012694
EB014.50,44.28593999995466,-68.63111999980858
EB015.00,44.295330000195214,-68.6293499997238
EB015.80,44.30333000001259,-68.613750000342
EB016.00,44.304110000185666,-68.61135999989128
EB016.50,44.295019999728716,-68.6193100001496
EB018.50,44.26345999996054,-68.58778999996188
EB019.00,44.26276000010407,-68.58038000035101
EB020.00,44.24936999973832,-68.56397999991391
EB022.00,44.22880000012355,-68.53445000027806
EC001.00,44.289969999953534,-68.69125000020048
EC001.50,44.28593,-68.68814
EC002.00,44.282359999967724,-68.68641999983622
EC003.80,44.27983,-68.71964
EC004.00,44.28080000029741,-68.71860999988532
EC005.00,44.28938000021028,-68.72524999987701
EC006.10,44.30679999986515,-68.73078000020647
EC007.00,44.27725000003928,-68.67886999994212
EC009.00,44.236119999932384,-68.62641999975534
EC010.00,44.21549000009847,-68.64675999996952
EC012.00,44.199270000158606,-68.5709099999268
EC013.00,44.190650000240325,-68.57265999958125
EC014.00,44.18863999989979,-68.58030999990774
EC016.00,44.21162999993875,-68.62599999981698
EC017.00,44.218610000055804,-68.65034000016067
EC017.50,44.21618999975401,-68.65759999958681
EC017.70,44.21366000005846,-68.66824999962327
EC017.80,44.2157200002201,-68.6725400002045
EC018.00,44.20833999988581,-68.68152000039406
EC019.00,44.197700000272256,-68.6632700000706
EC019.70,44.191479999962084,-68.65680999972354
EC020.00,44.188940000287126,-68.65985000032488
EC021.00,44.18081999970947,-68.62780000022272
EC021.90,44.17285,-68.64063
EC022.00,44.174299999916,-68.64267000025299
EC022.30,44.17655000013139,-68.65112999968872
EC022.40,44.17433,-68.65075
EC023.50,44.15891000003626,-68.64136999978892
EC026.20,44.1512499999234,-68.68209000022087
EC026.70,44.154619999866675,-68.69098999978127
EC026.90,44.16249000014647,-68.6983600002676
EC027.00,44.16364000001921,-68.69363999963392
EC027.40,44.166100000097,-68.69812000021733
EC027.80,44.17987000013375,-68.69974999984913
EC028.00,44.18381000012212,-68.69763999995142
EC028.40,44.17936,-68.70685
EC031.00,44.2128800000594,-68.71751000029532
EC033.00,44.22400999972534,-68.68116999982067
ED001.50,44.02872999981652,-68.64972000039093
ED002.00,44.05580999980096,-68.64508000015752
ED002.50,44.048960000157464,-68.6556899999698
ED003.00,44.06515999998429,-68.65000000021837
ED003.70,44.07367000000245,-68.63977999981387
ED004.40,44.08602000008911,-68.62657000010464
ED004.60,44.08730999980119,-68.61560999991438
ED005.10,44.07622999984335,-68.60234999984826
ED007.00,44.02288000004444,-68.61827999970964
EE001.00,44.16283999973735,-68.44020000035069
EE001.20,44.1644199996588,-68.4385500002206
EE001.50,44.1666399998156,-68.4357999997546
EE001.80,44.1721799999197,-68.4269100001383
EE002.00,44.173340000042785,-68.42182000032919
EE003.00,44.18212000019987,-68.42290000003672
EE006.40,44.1386099998503,-68.43558000009622
EE006.80,44.14160999985767,-68.44166000038526
EE007.00,44.14270999999188,-68.4366699996788
EE008.00,44.15196000026507,-68.44282000026993
EE009.00,44.15642000016811,-68.44302000025303
EE009.30,44.152679999978346,-68.44954999958892
EE009.50,44.14448999979365,-68.4488999999786
EE009.70,44.13868000023534,-68.4500600000634
EE010.00,44.15069000015119,-68.45267000016729
EE011.00,44.16028000024587,-68.45641000023193
EE011.30,44.160210000295145,-68.46090999966893
EE011.40,44.16114999990212,-68.463389999633
EE013.00,44.161280000246926,-68.4743000002732
EE015.00,44.177019999840745,-68.46902999988973
EE016.50,44.17657999999292,-68.44769999972874
EE017.00,44.16067999991147,-68.45525000004099
EE019.00,44.119260000062205,-68.36457000034306
EF001.90,44.27309999992566,-68.55679999971639
EF002.00,44.27647999991994,-68.5548799999888
EF002.50,44.261630000160864,-68.52860000030675
EF004.00,44.27897999993846,-68.52867999958971
EF004.10,44.281790000051075,-68.52989999990398
EF005.00,44.29124000019293,-68.545029999918
EF006.00,44.30971000001365,-68.56411000023508
EF008.00,44.35359999977905,-68.54649000000926
EF009.00,44.37398000026015,-68.55945999977905
EF009.30,44.355860000180336,-68.56688000027913
EF009.70,44.335900000272936,-68.5823400002346
EF010.00,44.334380000167876,-68.58826000026993
EF010.50,44.344270000019925,-68.58333000030807
EF011.00,44.35451000005572,-68.58220000005767
EF011.30,44.35362999995441,-68.5780499999724
EF012.00,44.36212999996615,-68.574300000098
EF012.10,44.36151999991433,-68.57236000033538
EF013.00,44.37788999998061,-68.56163000028505
EF014.00,44.384989999747596,-68.56657999981059
EF015.00,44.39276000006227,-68.56696000025813
EF016.00,44.396830000116736,-68.568790000128
EF016.50,44.40345000016274,-68.564530000005675
EF017.80,44.40885000007335,-68.57438000037948
EF018.00,44.413600000007264,-68.57272000010579
EF019.00,44.40367000011912,-68.55323999985406
EF020.00,44.3993999999442,-68.52788000006873
EF020.50,44.409319999938546,-68.52015999977493
EF022.00,44.4158000002179,-68.5217099998381
EF023.00,44.41556000019592,-68.51503000000972
EF024.00,44.43279000026694,-68.49599000023906
EF024.90,44.45558999983662,-68.48117999971569
EF025.00,44.45405000003379,-68.48029999992173
EF026.00,44.40953999989074,-68.47482000010686
EG002.00,44.40200000020167,-68.46175999986666
EG004.00,44.4409399998746,-68.47036999964953
EG005.00,44.46266999970719,-68.46433000030879
EG007.00,44.48909999998786,-68.47749999991815
EG007.50,44.48983000019947,-68.49216999963086
EG008.50,44.49399999998167,-68.48550000037505
EG009.00,44.4934900002156,-68.46731000007708
EG011.00,44.48408000022568,-68.44926000002698
EG013.00,44.470790000147694,-68.42551999991784
EG014.00,44.46197000025605,-68.42775999995105
EG016.00,44.43694999988999,-68.42617999982666
EG016.50,44.43592999987048,-68.42769000001586
EG017.00,44.41474999978267,-68.43362000019954
EG019.00,44.412330000203134,-68.40029999997894
EG020.00,44.436400000190474,-68.39123000002327
EG020.50,44.43438000025454,-68.38719999965899
EG021.00,44.42952999993508,-68.37731999984119
EG023.00,44.4220200002852,-68.36623000013466
EG024.00,44.40348000010792,-68.34979999973265
EG025.00,44.38774000025967,-68.36098999958168
EG026.00,44.39198999989148,-68.3738999996962
EG027.00,44.36258999988499,-68.39272999994687
EG028.00,44.34763000029672,-68.40702999961306
EG029.00,44.34275999984634,-68.41648999985168
EG029.90,44.33875999990536,-68.41659000017899
EG030.00,44.339490000109585,-68.41520999964311
EG030.80,44.339540000183426,-68.40793000030378
EG031.00,44.341489999703256,-68.40117999998567
EG032.00,44.314420000200315,-68.4225899995904
EG033.00,44.28262000025847,-68.40826000002446
EG033.90,44.2595700001287,-68.3971600001048
EG034.00,44.26166000002408,-68.39684000001253
EG035.00,44.255560000249325,-68.37917999962673
EG036.00,44.24659000007419,-68.37612999999182
EG036.06,44.23065000016186,-68.36134999960032
EH003.00,44.2666099997934,-68.29897000016608
EH012.20,44.27843999979872,-68.30472000013079
EH012.40,44.28319000004233,-68.30045999990459
EH024.00,44.29903000017354,-68.31690999983812
EH027.00,44.339749999929346,-68.32026999976885
EH030.00,44.357499999720076,-68.32914000001928
EH031.00,44.35513000006314,-68.33632999986521
EH034.00,44.36295,-68.32964
EH035.00,44.368869999948,-68.32877999961708
EH036.00,44.36987,-68.32499
EH038.00,44.360260000196256,-68.31898999995819
EH039.00,44.363590000176,-68.31033000008959
EH040.00,44.34301999971212,-68.30268999972193
EH041.00,44.33895000022045,-68.30463999971074
EH044.50,44.302430000208396,-68.30181999998787
EH045.00,44.29963999982019,-68.30474000028879
EH047.00,44.29002000006267,-68.29335000026433
EH047.20,44.28817000001466,-68.29167999991841
EH050.00,44.289979999719804,-68.28145999984359
EH052.00,44.294660000030476,-68.2839899999978
EH055.00,44.30166999978819,-68.28327999997227
EH057.00,44.2940799998577,-68.27762999998738
EH065.00,44.29179999981793,-68.23738999958525
EH068.00,44.315830000101194,-68.19795000038022
EH069.00,44.32898,-68.18282
EH072.00,44.259840000252524,-68.24107000014766
EH073.00,44.25427999970254,-68.2734499998648
EH075.00,44.25120000004393,-68.25999999969939
EH077.00,44.25873000009054,-68.26955999964608
EI001.00,44.34260999981139,-68.17790000006013
EI003.00,44.36515000002608,-68.1854599999808
EI008.00,44.39149000015959,-68.203770000167
EI009.00,44.3926600000376,-68.21003999987582
EI023.70,44.41888000024265,-68.24511000033601
EI024.00,44.42816000016394,-68.24421999969452
EI029.00,44.439420000150605,-68.27159000015251
EI031.00,44.43187999986658,-68.28445000040614
EI033.00,44.43241000026439,-68.29323000018792
EI034.00,44.44597000006762,-68.31910000013946
EI034.10,44.42868999977052,-68.33260999980817
EI034.20,44.42745000006553,-68.33237000031306
EI034.30,44.42210999976488,-68.33794000016373
EI034.70,44.422159999974916,-68.34113000026427
EI036.00,44.432219999909414,-68.36614000020428
EI037.00,44.44243000001081,-68.35756000019086
EI039.00,44.46725000021053,-68.35652999997566
EI040.00,44.46173999971267,-68.32582000039714
EI041.00,44.45356000022768,-68.27975999962806
EI042.00,44.47065999982586,-68.2815999998672
EI043.00,44.5001199998144,-68.28215000028841
EI044.00,44.505499999823876,-68.3012800004162
EI045.00,44.50660999981921,-68.32461000022626
EI045.50,44.51564000038057,-68.31275999974383
EI046.00,44.51741000014053,-68.30963999996715
EI047.00,44.522050000188806,-68.30643999981288
EI047.60,44.53330000021162,-68.31865999982173
EI050.00,44.53082999977179,-68.29983000030472
EI051.00,44.509039999787746,-68.25654000028665
EI054.00,44.48370999999726,-68.25276000003828
EI056.00,44.47614999995814,-68.2467500002451
EI058.00,44.46756999972733,-68.23391999971172
EI061.00,44.471479999756724,-68.2269800000468
EI063.00,44.486980000098264,-68.22475000034473
EI064.00,44.49416000011708,-68.22617000012895
EI065.00,44.49359000016887,-68.22372999958101
EI068.00,44.517960000018334,-68.21524999997476
EI069.00,44.51991000019299,-68.22111000032127
EI070.00,44.52627,-68.23472
EI070.10,44.53101999987578,-68.24674999973821
EI070.15,44.53778999975681,-68.26048999977353
EI070.20,44.53341000029332,-68.2682000002358
EI070.40,44.542010000123206,-68.27033999971661
EI070.41,44.5436400000272,-68.2708200001947
EI070.48,44.5610699995577,-68.2930799998092
EI070.49,44.562910000153,-68.2916899997065
EI070.52,44.564239999807256,-68.29095000032879
EI070.60,44.53658999988311,-68.26828999978824
EI070.70,44.57436000006447,-68.26864999991908
EI070.82,44.57370000011095,-68.26476999965307
EI070.90,44.57519999995379,-68.26214999983434
EI071.00,44.578670000120866,-68.26069999996605
EI071.50,44.58784999975959,-68.24807000001593
EI072.50,44.57942999981667,-68.24225999967187
EI073.00,44.58369999975753,-68.2323799996976
EI074.00,44.57156999989719,-68.2194800001952
EI075.00,44.56902999977087,-68.25000000002761
EI075.60,44.546419999952455,-68.24703000036367
EI075.90,44.529349999963664,-68.23248999973292
EI079.00,44.5210000001191,-68.21246999972593
EI081.00,44.5205699998308,-68.20614999992432
EI082.00,44.52039000025148,-68.20195999993315
EI083.00,44.517300000027745,-68.19868000014566
EI084.00,44.515239999868214,-68.18666999979338
EI086.00,44.49264000021639,-68.19614999974945
EI087.00,44.484340000070794,-68.18623999976221
EI089.00,44.47669999980592,-68.18079999973435
EI091.00,44.47092000008047,-68.189940000362
EI093.00,44.471439999909684,-68.18146000016706
EI096.00,44.472540000275274,-68.16364000004172
EI098.00,44.50065000005726,-68.1546200002244
EI103.00,44.468999999707755,-68.09927000024332
EI105.00,44.432650000079185,-68.11653000004912
EI105.10,44.43053,-68.11687
EI106.00,44.41330999978288,-68.10915999996554
EI107.00,44.39473999973325,-68.10193000018546
EI108.00,44.371660000206056,-68.09042000007392
EI109.00,44.389809999705726,-68.09354000017154
EI110.70,44.383299999742064,-68.07548000021892
EI111.00,44.374659999730255,-68.07168000013688
EI112.00,44.344300000007244,-68.06471999992793
EI113.00,44.33610999972972,-68.05651000028007
EJ002.00,44.365269999968014,-68.03801000005902
EJ003.00,44.37343999990593,-68.03270999959292
EJ004.00,44.38262000020153,-68.03301999969977
EJ006.00,44.3856800001546,-68.03775999974006
EJ008.00,44.38573000001448,-68.03354000008395
EJ009.00,44.383529999871875,-68.01933999999666
EJ014.00,44.4069399999758,-68.02181000015021
EJ015.00,44.404450000280185,-68.01499000012026
EJ016.00,44.41340999980547,-68.00982000025554
EJ017.00,44.39024999980993,-67.98601000034712
EJ018.00,44.39318999970701,-67.97627999966339
EJ021.00,44.39783000006061,-67.96947999990628
EJ022.00,44.40187000021327,-67.96480000025805
EJ022.80,44.41089999997573,-67.97229999995719
EJ023.00,44.41262999992719,-67.97403000028093
EJ024.00,44.442029999910204,-67.98225999987
EJ024.20,44.4550000002654,-68.0041600003742
EJ024.30,44.438920000088274,-68.00935000030287
EJ024.70,44.4469999999637,-68.0141600004247
EJ024.80,44.47270000013186,-68.02689999961838
EJ024.90,44.47774000023885,-68.02789000027006
EJ025.50,44.48110000011606,-68.02189999992099
EJ026.00,44.46564999977775,-67.99060999972022
EJ027.00,44.47824000014862,-67.9829499999162
EJ027.902,44.49696999972386,-67.98006999967647
EJ028.70,44.5033400001902,-67.98494999978281
EJ029.40,44.50066999975967,-67.97751999990587
EJ030.00,44.5040500001565,-67.97007000020957
EJ030.50,44.4966499997798,-67.97135333293859
EJ030.90,44.49278999997597,-67.97125000035345
EJ031.00,44.49253000012107,-67.96649999969014
EJ031.50,44.48852999995326,-67.96715000013478
EJ032.00,44.47314,-67.97658
EJ033.00,44.43998000019741,-67.95674999985327
EJ034.00,44.42456000025506,-67.95157999995806
EK002.00,44.436810000161124,-67.92967000004508
EK003.00,44.45045999980652,-67.93311000038807
EK003.10,44.4493400002726,-67.9291900000977
EK003.80,44.47568999985386,-67.932819999885
EK004.00,44.47998999978672,-67.93576000002493
EK005.00,44.47207999998072,-67.92598000030708
EK005.10,44.4701700003562,-67.9232800000796
EK006.00,44.49145999978713,-67.91138000026773
EK006.30,44.4865099998094,-67.909729999767407
EK006.50,44.47775000023861,-67.91050999976787
EK007.00,44.46338000005641,-67.90614999976053
EK008.00,44.44416999988521,-67.89219000034747
EK008.50,44.437220000101945,-67.9108599997926
EK008.90,44.42135999976372,-67.91237000020114
EL001.00,44.442649999837,-67.88876000026765
EL004.00,44.4519400002564,-67.88348999993799
EL006.00,44.45524999988172,-67.87752999986714
EL007.00,44.4721199997804,-67.88613000027593
EL008.00,44.470890000207866,-67.87298999986753
EL009.80,44.48388999992167,-67.87321000003726
EL010.00,44.48334,-67.87591
EL011.00,44.476559999991544,-67.87057000041894
EL013.00,44.47751999989434,-67.86583000001853
EL014.00,44.49328000013846,-67.85565999996487
EL015.00,44.50257000003621,-67.8539900003228
EL017.80,44.50659999976553,-67.85270000016432
EL018.00,44.50580000024579,-67.85541999966419
EL020.00,44.51317000000701,-67.85680000030833
EL021.00,44.520419999760136,-67.86145000000519
EL033.00,44.527669999957126,-67.857180000069
EL034.00,44.52856000023766,-67.85564000031161
EL035.00,44.54067000009974,-67.84618000009338
EL036.00,44.56231000018946,-67.83700000023607
EL037.00,44.553100000040196,-67.82094999963181
EL039.00,44.56925999974681,-67.83162000017067
EL040.50,44.585869999829924,-67.82966999964255
EL041.70,44.579509999999395,-67.81894999970767
EL043.10,44.59419000020193,-67.79842000034272
EL045.00,44.600480000280335,-67.78751999999601
EL046.00,44.588400000176605,-67.7832600002582
EL047.00,44.552910000238676,-67.78347000038642
EL047.20,44.5443800000244,-67.8037899994245
EM001.00,44.548799999880615,-67.78258999985081
EM003.00,44.56006999974913,-67.76951000006054
EM003.10,44.5608299998713,-67.7681600002523
EM005.00,44.57083000024368,-67.76654999994419
EM006.00,44.57811000027692,-67.76039666653021
EM007.00,44.5938999999338,-67.753429999635145
EM008.00,44.61729999974505,-67.7456900003942
EM009.00,44.61537999974248,-67.7364000000802
EM010.00,44.600619999929215,-67.73913000012426
EM011.00,44.58295999981699,-67.74028000030252
EM012.80,44.5255099998242,-67.74032000019247
EM013.00,44.522969999973256,-67.72937999965754
EM013.50,44.52130000013512,-67.73367999968728
EM014.00,44.51126999999768,-67.74137999965761
EN000.50,44.504809999822825,-67.73232000015258
EN001.00,44.51444000000214,-67.71812999974973
EN001.60,44.502049999979405,-67.7249700001162
EN003.00,44.520299999837675,-67.70869000008265
EN004.00,44.53346000029072,-67.69750000023839
EN005.00,44.53911000005646,-67.69712999979416
EN006.40,44.54615999996414,-67.6660200000236
EN006.50,44.54849999971054,-67.66527000039868
EN006.90,44.560480000037,-67.6652400003468
EN009.00,44.57101000014125,-67.65840999998787
EN010.00,44.56448999970781,-67.65429999989499
EN010.50,44.56514999975074,-67.64790999959966
EN013.00,44.549610000022405,-67.62945999998155
EN015.00,44.53115000025306,-67.63718999960979
EN016.00,44.52761000020598,-67.64080999984272
EN017.60,44.526000000037605,-67.63088999995553
EN019.40,44.524940000096336,-67.61926000028836
EN021.00,44.52160000012931,-67.61821999978513
EN023.00,44.5149300000242,-67.61749999989388
EN023.50,44.51253999986452,-67.61789999962042
EN025.00,44.48863000006172,-67.59915999969394
EN026.00,44.47820000027106,-67.59676000015746
EN027.00,44.47036999990727,-67.59263000026581
EN031.00,44.48756999998652,-67.59415999987213
EN032.00,44.49367000010493,-67.59320999973033
EN035.00,44.516789999817696,-67.58321999997625
EN037.00,44.515169999877806,-67.59364000022447
EN038.00,44.50999000008821,-67.59541999998812
EN039.00,44.50866999984739,-67.6019900003344
EN041.00,44.5176400000109,-67.60915000020412
EN042.00,44.51868000003611,-67.60645999985427
EN043.00,44.522169999897805,-67.61003999994426
EN044.00,44.52314000009936,-67.61127000027918
EN045.50,44.52587999976668,-67.61153000026106
EN046.20,44.528250000090566,-67.60587000012556
EN046.50,44.52850000009519,-67.60106999996935
EN047.40,44.52855000013126,-67.59828000021517
EN047.60,44.52893000026307,-67.59619999958655
EP001.00,44.53100999998905,-67.58924999967115
EP002.00,44.53159000010019,-67.573830000026
EP003.00,44.53951999979228,-67.56205000015231
EP006.00,44.57588999997203,-67.56980000028364
EP006.90,44.59647999988755,-67.55766999986133
EP009.00,44.614320000175866,-67.55954000001041
EP011.00,44.61895000009165,-67.58776000016725
EP013.00,44.62829000004095,-67.55794000009871
EP014.10,44.63144999996127,-67.54945000021101
EP014.60,44.64121000000661,-67.55428999977705
EP017.50,44.655779999947995,-67.54709000031181
EP018.00,44.64434999982074,-67.54329000038406
EP020.00,44.63906999999314,-67.52704000012625
EP021.00,44.644340000209354,-67.50633000030022
EP022.00,44.63752000028453,-67.50615999973981
EP023.00,44.615880000167124,-67.49588000021485
EP025.00,44.610099999943195,-67.47721999989975
EP029.00,44.606919999951074,-67.4659100000562
EP030.00,44.602679999878404,-67.4587000000796
EQ001.00,44.61541000029712,-67.43463000020806
EQ002.50,44.63858000006061,-67.44917000018714
EQ003.00,44.651119999722994,-67.43899999965738
EQ005.10,44.66720999972532,-67.45267000024354
EQ005.60,44.66548000007854,-67.44390999976132
EQ006.00,44.66624,-67.43027
EQ006.20,44.66680000007908,-67.43499999978387
EQ006.70,44.6618600002076,-67.43088000027846
EQ009.00,44.626637499991844,-67.42639333331054
ER001.00,44.608249999699666,-67.397639999725655
ER003.10,44.62769000000819,-67.3844399996342
ER004.00,44.63952000020848,-67.378840000203
ER005.00,44.643869999826016,-67.38002000035802
ER007.00,44.66749999973925,-67.38731999997667
ER008.00,44.67784999992273,-67.37940000024753
ER009.00,44.67649999994927,-67.38761999970109
ER010.00,44.67955000014528,-67.39557000015415
ER012.00,44.68643000005447,-67.39748000021758
ER012.10,44.68720999966637,-67.39658000018947
ER016.00,44.69678000000368,-67.39296999968413
ER038.00,44.712130000297684,-67.38094999984347
ER039.00,44.70742999984055,-67.38297000031139
ER040.00,44.69973000026668,-67.3902799998226
ER043.00,44.69073999997433,-67.38660000021108
ER045.00,44.690840000002254,-67.37507999987079
ER046.00,44.70348000028227,-67.35859000023967
ER047.00,44.70599999981142,-67.3187400002938
ER048.00,44.70793,-67.29636
ER051.00,44.69310000005245,-67.30428000016688
ES004.00,44.66707000014693,-67.26366000014367
ES005.00,44.66907000000448,-67.24644999998073
ES008.00,44.65897999973747,-67.22870000021751
ES009.00,44.65526999980873,-67.21344000001508
ES012.00,44.66117000020602,-67.1930299997247
ES014.50,44.71242999993281,-67.10922000028285
ES015.00,44.73737999992121,-67.11529999991032
ES016.80,44.754229999978875,-67.0699099997934
ES017.00,44.769969999717134,-67.06862000027434
ES021.00,44.807430000100055,-66.98120999993856
ES021.50,44.812530000184005,-66.97720999995668
ES022.00,44.81450000027455,-66.98849999969107
ES023.00,44.82447999989781,-66.98900999962301
ES026.00,44.84329999980687,-66.99685000002381
ES027.00,44.854749999880795,-66.98173999968107
ET007.00,44.845260000159065,-67.00951999996892
ET008.00,44.846429999933456,-67.01888000031165
ET008.30,44.8483699997214,-67.01688999970534
ET009.00,44.857979999895925,-67.01526999959233
ET011.00,44.86429999973114,-67.01343999995674
ET011.10,44.8645399999786,-67.0136300005881
ET012.00,44.87166000009785,-67.01867000017992
ET013.00,44.877759999717796,-67.01888999970492
ET017.00,44.90372999985745,-67.05376999985634
ET020.00,44.85717999971379,-67.02172000021314
ET023.00,44.83007000028214,-67.05932000019835
ET025.00,44.85539999999994,-67.07997999964925
ET026.00,44.884620000052664,-67.092149999659
ET027.00,44.89020999973795,-67.09980000021781
ET029.00,44.87197000026279,-67.09892000028948
ET031.50,44.85411000012789,-67.10095999970963
ET032.00,44.857069999979345,-67.09021999984846
ET033.50,44.84254000017495,-67.12247000022374
ET036.00,44.87214999996394,-67.13926999969293
ET039.00,44.81948999978679,-67.12819999977636
ET044.00,44.799939999855454,-67.17034000021306
ET045.00,44.80702999971127,-67.16412999975626
ET047.00,44.82287000011901,-67.15476000026175
ET054.00,44.85730000025641,-67.14775000040434
ET056.90,44.889999999919766,-67.1899999999176
ET057.00,44.88829000002026,-67.19644000011574
ET057.20,44.8860000001414,-67.20062999960368
ET059.00,44.90687000012934,-67.20505999991613
ET060.00,44.9056600000472,-67.21305999960454
ET063.00,44.91294000027246,-67.21606000040335
ET064.00,44.911039999735415,-67.20721999985973
ET066.50,44.92648999991839,-67.21611999965695
ET068.00,44.91845000014839,-67.18368000022218
ET069.00,44.90873999970941,-67.1683299996908
ET070.00,44.900020000056,-67.149709999982
ET071.00,44.887859999894474,-67.13744000041066
ET074.00,44.89754000013307,-67.11282000015402
ET077.00,44.92384000002201,-67.15066999984434
ET079.00,44.93640000009233,-67.16526000030287
ET085.00,44.93981000006247,-67.16016000000366
ET088.00,44.93318,-67.13801
ET090.00,44.94041,-67.13567
ET091.00,44.95624000018635,-67.13728999982821
ET095.00,44.916950000097266,-67.07712999999501
ET097.00,44.937419999810125,-67.04986000007973
ET099.00,44.95105000013779,-67.0404899999298
ET100.00,44.93885999985725,-67.03446999983467
ET100.20,44.92853999986827,-67.03497000033799
ET103.10,44.92330999990453,-67.01524000034293
ET104.00,44.90870000007001,-67.01975999968965
EU001.00,44.90507000022559,-67.01189999991428
EU001.50,44.90147000015235,-67.00176000020186
EU002.50,44.89525999991372,-66.991609999945
EU007.00,44.91783999990099,-66.9971400001366
EU008.00,44.919510000195146,-67.00210999964658
EU009.00,44.92638000005405,-67.01534000010547
EU010.00,44.93882000005027,-67.02987000027139
EU015.00,44.97402999987539,-67.0700199997423
EU016.00,44.971149999810876,-67.05703999998227
EU017.00,44.993360000004174,-67.06324999969632
EU020.00,45.03348999990332,-67.10097000017322
EU022.00,45.05811000027399,-67.1175700000928
EU022.50,45.05928000020293,-67.10908999961667
EU025.00,45.08304000013008,-67.10917000028314
EU026.00,45.0919400002076,-67.11603999993352
EU027.00,45.10488000010771,-67.12686999948937
WA015.00,43.09694000013728,-70.76785999976981
WA016.00,43.10266000010159,-70.77269999968912
WA024.00,43.08272999971567,-70.717669999891
WA028.00,43.11243000008901,-70.73305999965066
WA029.10,43.10832999986701,-70.73577000024567
WA031.00,43.10709999991698,-70.72816000039786
WA033.00,43.09613000006599,-70.72364000024314
WA035.00,43.08727000010961,-70.7177400002726
WA036.00,43.08479000029428,-70.71157000023267
WA038.00,43.08316000012239,-70.69500999967465
WA043.00,43.06722000020459,-70.69354000015512
WB005.00,43.09807999972315,-70.66118999983081
WB020.00,43.14118999970692,-70.69322999967473
WB021.00,43.1421000001718,-70.67599999989841
WB023.00,43.136789999874004,-70.66044000036901
WB026.00,43.12536000010286,-70.65196000013059
WB026.50,43.12655000021627,-70.64745000012134
WB027.00,43.13268999983745,-70.64208000016727
WB029.00,43.132630000132984,-70.63885999980639
WD007.00,43.25076999983434,-70.59714999980294
WD007.50,43.25413999979426,-70.59557000011074
WD008.00,43.259550000258265,-70.59491999989146
WD009.00,43.26304000009014,-70.59122000019867
WD009.50,43.26659999986007,-70.5889999997798
WD010.00,43.25037000005105,-70.59335999983307
WD014.00,43.30407999999619,-70.57670000013634
WD016.00,43.30829000022468,-70.56893000008527
WD018.50,43.32134999970239,-70.56538000011294
WD019.00,43.320329999759345,-70.56396999968675
WD020.00,43.329230000227724,-70.56583000011265
WD022.00,43.33067999977967,-70.55785000039307
WD024.00,43.3212199999924,-70.55672999982166
WD028.00,43.33941999985154,-70.52868000034618
WD031.00,43.344160000160066,-70.51807000009593
WD036.00,43.343639999890215,-70.50643999988667
WD037.00,43.344000000175534,-70.49935000006595
WD038.00,43.34477999999241,-70.48681999985472
WE004.00,43.35672000012046,-70.44596999965492
WE005.00,43.367349999716524,-70.44015999982275
WE006.00,43.367470000059875,-70.43714000009935
WE008.00,43.36905000012579,-70.43080000010765
WE010.00,43.365830000209684,-70.43156000004693
WE010.20,43.36615999975401,-70.4302800002778
WE011.00,43.37674999981467,-70.43541000036662
WE013.00,43.37470999995128,-70.42992000024654
WE018.50,43.39015999987428,-70.43961999995415
WE020.00,43.38884000006714,-70.43003999990867
WE022.00,43.38385999986674,-70.42535999988773
WE023.00,43.395219999805654,-70.42609000031527
WE024.50,43.395899999956264,-70.42154000020327
WE027.00,43.40334999991679,-70.402350000304
WE028.00,43.40224000027113,-70.39904000002906
WE030.00,43.40703000024328,-70.39785999979752
WF004.50,43.426189999885274,-70.37719000002255
WF006.00,43.43608999984601,-70.36827999991392
WF006.10,43.44186999990239,-70.35183000005921
WG005.00,43.45906000004926,-70.37469000026408
WG007.00,43.45093000019699,-70.36311999965626
WG008.10,43.446649999707475,-70.35562000014
WG008.30,43.440099999885994,-70.36484999959512
WG008.50,43.43685000006661,-70.36961000034533
WG008.60,43.444500000075315,-70.37249999986228
WG008.80,43.453949999715206,-70.37256000021264
WG008.90,43.45011999993381,-70.36388000001307
WG020.00,43.530480000108284,-70.36008999964807
WG021.00,43.540669999819485,-70.33676000013541
WG024.70,43.563100000176604,-70.36677999967999
WG025.00,43.558139999814586,-70.35744999992528
WG026.50,43.56045999978648,-70.34970000000101
WG027.00,43.55655999981345,-70.34869999958326
WG032.00,43.5467899999136,-70.34776999961994
WG032.50,43.54865999988406,-70.34399000014251
WG033.00,43.56345000008487,-70.33375000036732
WG034.00,43.56740999994201,-70.32321999973733
WG035.00,43.57047000016247,-70.32262999998846
WG036.00,43.55559999974425,-70.33670000001368
WG037.00,43.55105000027068,-70.3378399998586
WG038.00,43.54457000022974,-70.33416000022194
WG039.00,43.547679999781,-70.32635000033174
WG041.00,43.551460000254345,-70.31873000026248
WG044.00,43.543420000227876,-70.32287999968133
WG046.00,43.53049000007993,-70.32234000021674
WH001.00,43.538260000146806,-70.31191999968438
WH002.00,43.55070000007845,-70.29963999960611
WH004.00,43.55993000008792,-70.27956000004541
WH010.00,43.573949999815795,-70.27218999984048
WH011.00,43.56597,-70.27323
WH014.00,43.561430000135466,-70.27102999979978
WH016.00,43.55340999970899,-70.25033000035067
WH017.00,43.56182000029126,-70.21919999992001
WI010.70,43.7076500000194,-70.24480999999885
WI010.80,43.69755,-70.24464
WI015.00,43.70604000012667,-70.2174900000248
WI017.00,43.71210999986553,-70.21852000033145
WI017.50,43.71671999993521,-70.21700999981488
WI019.00,43.71538999972472,-70.21934000004372
WI020.00,43.72108000019926,-70.22167000038368
WI025.00,43.732480000234204,-70.20447000007447
WI026.00,43.73618999998341,-70.20222000036892
WI027.00,43.74082000027033,-70.19634000019468
WI028.50,43.755220000051864,-70.1976000003466
WI029.00,43.75818999997713,-70.19576999984588
WI030.00,43.7681699997498,-70.19529999975761
WI033.00,43.77550000016961,-70.181599999618
WI034.10,43.762870000120415,-70.1787799995938
WI036.00,43.76212999973685,-70.17248999988873
WI038.00,43.77171000011653,-70.16540000002827
WI040.00,43.775070000090665,-70.15310000008081
WI041.00,43.781399999727384,-70.15306999993733
WI048.00,43.790689999918584,-70.15039999997113
WI051.00,43.81217000012695,-70.15348999959713
WI051.50,43.81203000027294,-70.15462999964892
WI053.00,43.80664000011061,-70.15321999965875
WI054.00,43.79695000012112,-70.15040000036068
WI055.00,43.797829999698216,-70.13913000031725
WI055.20,43.80125999988747,-70.13839999959053
WI055.50,43.795519999818616,-70.1366500000608
WI056.00,43.798780000242004,-70.12719999987728
WI056.70,43.80732999977066,-70.10747000024115
WI058.50,43.77376999999899,-70.14555000012406
WI058.80,43.77329000011558,-70.13200999994594
WI061.00,43.77128999994592,-70.12549000017218
WI062.00,43.77259999982953,-70.12756000024345
WI063.00,43.76516999986473,-70.13472000029701
WI064.00,43.75862000009694,-70.13727000029374
WI065.50,43.76153999981334,-70.12219000018513
WI069.00,43.75192000007412,-70.13978999959348
WI071.00,43.74865999971259,-70.15121999968194
WI074.00,43.75687000014981,-70.15068000024579
WI077.00,43.751840000194946,-70.10819000025374
WI083.00,43.72429999980599,-70.13941999985215
WI088.00,43.717999999759925,-70.1256800000504
WI089.00,43.715949999782595,-70.12653999969234
WI090.00,43.714919999994315,-70.11881999958742
WI092.00,43.72163999978527,-70.111729999891793
WI093.00,43.72995000014768,-70.10935000028562
WI095.00,43.75433999994875,-70.09607000017841
WI116.00,43.70913000006804,-70.07868999995458
WJ001.00,43.807360000059084,-70.10871999979015
WJ001.20,43.8108999999484,-70.1098999998099
WJ001.50,43.80415999986347,-70.11654999961601
WJ002.00,43.81387000014167,-70.11408999996013
WJ002.50,43.815799999891944,-70.11827000017213
WJ002.51,43.81478999989905,-70.11008000012595
WJ003.00,43.817150000275674,-70.11120999975721
WJ006.00,43.82037000007788,-70.10559999959085
WJ007.12,43.8227099998124,-70.10200999975166
WJ008.00,43.825449999743476,-70.10604000003833
WJ009.00,43.82981000004472,-70.09774000018115
WJ009.70,43.83512000004385,-70.1004999997218
WJ009.80,43.834630000108675,-70.09473000004432
WJ011.00,43.84243000010181,-70.0962199996006
WJ014.00,43.83852999977055,-70.08944000031781
WJ014.15,43.84713000009675,-70.07998999982132
WJ014.17,43.8430899998428,-70.0805499997062
WJ014.20,43.83950000015968,-70.08342999966489
WJ014.31,43.83666000022606,-70.08395999998967
WJ014.41,43.83318000015993,-70.09038999974001
WJ014.50,43.83147000025175,-70.0871799996778
WJ014.70,43.822699999712064,-70.09379999981628
WJ014.80,43.82429000018255,-70.0978799999346
WJ014.90,43.819499999806496,-70.10037999980901
WJ015.00,43.818729999929126,-70.09827999963139
WJ015.50,43.81407000000735,-70.10243000023685
WJ016.00,43.80968999972986,-70.10082000038082
WJ017.00,43.81768999990278,-70.08840999984994
WJ017.50,43.82135000020555,-70.08116999964182
WJ017.80,43.826290000144965,-70.08101999989886
WJ018.00,43.82858000024999,-70.07617999961317
WJ018.20,43.82498999982292,-70.07568000014567
WJ018.60,43.82642000028714,-70.06583999974212
WJ018.90,43.82197000015333,-70.06513999973893
WJ019.00,43.81967999970479,-70.06246999963334
WJ024.00,43.810189999990065,-70.06951999969647
WJ026.00,43.82329999989854,-70.05640999975354
WJ027.30,43.841769999970715,-70.04238999992334
WJ027.50,43.851500000295545,-70.02976000034887
WJ031.50,43.860140000219346,-70.01418999974558
WJ032.00,43.858410000087616,-70.0084099999903
WJ032.50,43.866740000215735,-69.99713999977541
WJ033.00,43.86764999993861,-69.99328000023438
WJ033.20,43.86678000019394,-69.98621000002161
WJ033.70,43.86394999980602,-69.98641000015118
WJ034.00,43.86179000014325,-69.99012999995264
WJ035.00,43.84969999999294,-69.99977999959361
WJ038.00,43.825469999788595,-70.02610000007768
WJ046.00,43.82601000004788,-70.01999999996238
WJ047.00,43.83276999977374,-70.01101999988865
WJ048.00,43.84207000008065,-69.9965300001324
WJ048.50,43.85366999992386,-69.98493000004906
WJ049.00,43.85180999971632,-69.97340999998987
WJ049.50,43.85527999989947,-69.96093999979533
WJ050.50,43.85545000013721,-69.95218999992872
WJ051.00,43.84707999983881,-69.95785999972138
WJ055.00,43.82139000010608,-69.97636999981074
WJ056.00,43.80802999977394,-69.993539999802593
WJ057.00,43.78617000007575,-70.00533999972694
WJ058.00,43.7775800000934,-70.01706999996425
WJ059.00,43.76883000008499,-70.01887999994105
WJ060.00,43.756459999991726,-70.03380000018664
WJ062.00,43.73969000025414,-70.0410000001884
WJ063.00,43.74711999984233,-70.03311999959946
WJ064.00,43.75472999986401,-70.03084000007186
WJ065.00,43.7622000000804,-70.02175000007534
WJ066.00,43.75885999977207,-70.02173000029022
WJ067.00,43.74931000010373,-70.02482999970246
WJ067.50,43.752740000196525,-70.01957000023617
WJ068.00,43.75280999988372,-70.01473000013516
WJ068.50,43.75107999983859,-70.01653000039714
WJ070.00,43.741470000000746,-70.01689999987288
WK002.00,43.74765000004308,-70.00222000030747
WK004.00,43.75801000005686,-69.99823999985921
WK005.00,43.75466999986662,-70.00654000004667
WK005.50,43.758330000125355,-70.00848000022808
WK006.10,43.76792999984858,-70.00147999984901
WK007.00,43.77436999972445,-69.992099999992
WK007.10,43.787280000265596,-69.98593999993994
WK008.00,43.79258000004554,-69.97585999987228
WK009.00,43.80658999993868,-69.97555999989805
WK010.00,43.800200000140514,-69.97208000002715
WK011.00,43.813500000128684,-69.96005000034891
WK012.00,43.80084999997973,-69.96086999979492
WK013.10,43.81789000019806,-69.95343999996726
WK013.20,43.83022000001894,-69.9479399999026
WK013.30,43.834109999975915,-69.95205000033374
WK014.00,43.85257999979101,-69.94189999984428
WK014.10,43.86169000008321,-69.93698999973674
WK014.20,43.85317000012341,-69.93078999960474
WK014.30,43.847839999990946,-69.93431999998485
WK014.40,43.840249999954985,-69.93822000010259
WK015.10,43.834139999951255,-69.9271899996758
WK017.00,43.80943999986048,-69.93125000011253
WK018.00,43.850519999979916,-69.92477000031847
WK018.10,43.85696000009205,-69.91911000019728
WK019.80,43.81337000029306,-69.94351999963673
WK020.00,43.81442000018714,-69.94327999991717
WK022.00,43.79547999987935,-69.94524999982335
WK023.00,43.781599999799134,-69.9549399997078
WK023.10,43.785519999767075,-69.96521000024555
WK023.20,43.79214999991155,-69.95791000006768
WK024.00,43.77427999977988,-69.96694999969051
WK025.00,43.76276000001939,-69.97918000001773
WK042.00,43.77396000023987,-69.95460999969268
WK044.00,43.79324000000565,-69.94242000024626
WK044.50,43.7837099998972,-69.94494000021727
WK048.00,43.77468000002819,-69.94302000040379
WK052.00,43.77899999999,-69.93489999998705
WK052.10,43.789899999975475,-69.935180000216
WK052.80,43.793340000076526,-69.93387999999878
WK052.90,43.7945600002714,-69.92887000001848
WK053.00,43.800389999845336,-69.9335799996852
WK053.50,43.80559999990933,-69.93129999988926
WK054.50,43.80966999971953,-69.92160999988633
WK055.00,43.830849999998605,-69.91592000014015
WK056.00,43.83587999990726,-69.91330999974315
WK057.00,43.82418000017579,-69.91424999962081
WK058.00,43.82700000001279,-69.9115299999194
WK059.20,43.82925000027875,-69.90434999988113
WK060.00,43.82581999977596,-69.9043300001576
WK061.00,43.8273999997928,-69.90292999999568
WK063.00,43.8234199998276,-69.9016300002058
WK063.10,43.820900000073514,-69.90057999985459
WK063.20,43.81606000005746,-69.89931999978488
WK064.10,43.80791999980194,-69.90733999982281
WK065.00,43.79879999995246,-69.9148499996582
WK066.00,43.79964999970141,-69.90564000010828
WK067.00,43.79169999991275,-69.89730999975312
WK068.00,43.78815999972665,-69.89433999984779
WK068.10,43.785330000299254,-69.89780999981973
WL005.00,43.802730000128186,-69.88891000000565
WL006.00,43.81710999975287,-69.88580999974067
WL007.00,43.81352999974681,-69.88119000001288
WL010.00,43.82833000001419,-69.88756999985965
WL011.00,43.84113999974712,-69.88497999973335
WL012.00,43.838289999840406,-69.89108000024375
WL014.00,43.85597999982326,-69.89152000000699
WL015.00,43.8571999998742,-69.8976999997386
WL018.00,43.85521999975412,-69.91286000002594
WL019.00,43.85667000029734,-69.9146400000906
WL020.00,43.84879999979394,-69.91600000032794
WL020.50,43.840799999778675,-69.92010999989013
WL021.00,43.8653400001212,-69.91507000025453
WL022.00,43.86665999992921,-69.91561000038828
WL022.50,43.869770000275736,-69.91394000031708
WL023.00,43.858769999753285,-69.91336000004374
WL025.00,43.866459999776595,-69.91005999995107
WL026.00,43.8729199998844,-69.90950000018907
WL027.00,43.869929999997545,-69.904190000334
WL028.00,43.86883000010341,-69.90154999977787
WL030.00,43.88379999978526,-69.8949299996038
WL031.00,43.89343999989161,-69.89203999977167
WL033.00,43.88835999996581,-69.88651999986433
WL034.50,3240384.066966667,286172.10374666675
WL035.00,43.90719000002012,-69.87195000016072
WL036.10,43.91145999975755,-69.86959000020131
WL036.70,43.91884999993187,-69.86571000032562
WL036.80,43.92981000014872,-69.86104000021093
WL036.90,43.93090000015559,-69.86136999985874
WL037.00,43.892260000176876,-69.88020000032284
WL037.20,43.892699999955596,-69.87910000001861
WL037.50,43.880050000234796,-69.88733000041387
WL038.00,43.868780000053604,-69.88974999964981
WL040.00,43.858130000241125,-69.88147999959592
WL042.00,43.867829999792015,-69.88613000002061
WL042.10,43.8673700000016,-69.88328999991002
WL043.10,43.87447000026275,-69.87220000021067
WL044.00,43.86051999997706,-69.87184999997858
WL044.40,43.88219999995915,-69.86491000028624
WL044.50,43.88680999996045,-69.8633199997883
WL045.00,43.880640000211315,-69.86310000030109
WL045.50,43.87789999996251,-69.8641399999552
WL046.00,43.88036000025874,-69.86178999995488
WL046.50,43.87603999980315,-69.86265000014434
WL047.00,43.882220000043404,-69.85398000002208
WL047.50,43.87741,-69.85576
WL048.00,43.876140000094324,-69.85154000018792
WL048.50,43.87155999974306,-69.86482000033098
WL049.00,43.860989999975196,-69.86593999985406
WL050.00,43.85910000025668,-69.85957000019026
WL051.00,43.857379999961395,-69.86429000035014
WL052.00,43.856619999965666,-69.86723999982127
WL053.00,43.85569999998253,-69.86486999988061
WL054.00,43.84980999979438,-69.86654999968661
WL057.00,43.831310000070744,-69.8676700003748
WL060.00,43.829259999721934,-69.86549000010986
WL063.00,43.83445000022828,-69.85237000034127
WL066.00,43.83648000003193,-69.84794000020459
WL068.00,43.839190000140675,-69.84553999968401
WL070.00,43.83159999991239,-69.84932000005128
WL071.00,43.828170000070585,-69.84783999994691
WL073.00,43.8158199997164,-69.8544900000234
WL075.00,43.8096899997088,-69.85806000026568
WL076.00,43.81207000017328,-69.846939999882
WL077.00,43.79824999980388,-69.8508000000232
WL079.00,43.78460000004233,-69.87328000037067
WL081.00,43.78061999991648,-69.86913999964426
WL085.00,43.7690099997578,-69.86364000017419
WL087.00,43.763549999884184,-69.86251000030532
WL087.20,43.76212000015068,-69.86102000013759
WL089.00,43.75172000018072,-69.86435999974739
WL095.50,43.74663000012932,-69.85586000015726
WL096.00,43.75459999999428,-69.84277000040846
WL097.00,43.746330000140595,-69.84414000010325
WL098.00,43.74018000019539,-69.84183000004185
WL099.00,43.73274999970539,-69.84552999988352
WL101.00,43.729639999832806,-69.83813000024334
WL101.80,43.72320999992128,-69.84884999965527
WL102.00,43.72066999974708,-69.85048000010302
WL103.00,43.71702000012674,-69.84930999993199
WM001.00,43.724380000088736,-69.8330300003812
WM003.00,43.75298999999387,-69.78356999996205
WM004.00,43.75361000016447,-69.78866000013399
WM004.10,43.74745999993365,-69.794960000385
WM004.50,43.750699999889136,-69.80254000040027
WM004.80,43.762760000002345,-69.79799000004652
WM005.00,43.76524999981621,-69.78815999963919
WM006.00,43.770979999811814,-69.78804999963887
WM006.50,43.76814000026207,-69.79446000032046
WM008.00,43.77536000004308,-69.79518999981086
WM009.00,43.78519999974573,-69.80246999994539
WM009.80,43.79271000006301,-69.80167999991485
WM012.00,43.795410000091074,-69.79379000026047
WM016.00,43.81768000024741,-69.80921999999973
WM017.20,43.82941999970334,-69.8137000000728
WM019.10,43.80551000008194,-69.78022999975427
WM020.00,43.764339999730396,-69.7673899996386
WM022.00,43.764440000229214,-69.76612999965766
WM023.00,43.77173999980135,-69.75749999989495
WM024.00,43.76532999994221,-69.75299000036433
WM026.00,43.79197000001186,-69.7798199998006
WM026.90,43.77938000007892,-69.77329999970634
WM027.00,43.77481000012989,-69.77243000057122
WM028.00,43.76840999971874,-69.77362999990714
WN001.00,43.75539999974413,-69.75299999974007
WN002.00,43.77336000013792,-69.74073999964693
WN003.00,43.78485999982559,-69.72293999970282
WN004.00,43.81637999974401,-69.71855000015586
WN013.00,43.84995000019772,-69.72580000031215
WN013.50,43.857600000059016,-69.73489999996019
WN014.50,43.856499999883916,-69.7297999997898
WN015.50,43.862599999827054,-69.7341000003102
WN016.00,43.8403000000802,-69.73894999984826
WN018.00,43.82454999980619,-69.74510000027807
WN020.00,43.80467999971852,-69.74827000017832
WN021.00,43.80212999976128,-69.75195999979067
WN022.00,43.79925000009928,-69.74547999979806
WN027.00,43.864070000257406,-69.70667999972706
WN027.20,43.85346999991705,-69.71320000004033
WN027.30,43.87437000012279,-69.72420000037799
WN027.50,43.879870000132605,-69.73044000011579
WN028.00,43.876690000226795,-69.70332999962449
WN029.00,43.877210000200336,-69.74166999989765
WN030.00,43.874969999857996,-69.74404999980175
WN030.50,43.86685000018666,-69.74790999967821
WN031.00,43.886340000042196,-69.76022999996373
WN032.00,43.90029000015554,-69.7556499998724
WN032.20,43.91574000019004,-69.75518000001891
WN032.40,43.9219300001911,-69.75331999973804
WN032.60,43.922270000123746,-69.74493000006288
WN032.80,43.917900000026,-69.750000000064
WN033.00,43.91402000012518,-69.74434999997894
WN034.00,43.89304999974048,-69.73156999984846
WN035.00,43.90197999972625,-69.737630000332
WN035.10,43.911119999821736,-69.733429999848
WN035.40,43.91879999994726,-69.73178000041175
WN035.50,43.92496000013318,-69.72114000016164
WN035.60,43.93189000013459,-69.71685000022201
WN035.70,43.943340000179475,-69.72332000026714
WN035.72,43.954059999822924,-69.72240000011075
WN036.00,43.93125000009833,-69.73098999980033
WN038.00,43.950240000250524,-69.70985999985967
WN038.50,43.94392999991153,-69.71067000027881
WN038.60,43.957399999869104,-69.70912000019196
WN039.00,43.94059000016462,-69.70649000008274
WN040.00,43.94852999986006,-69.69820000032605
WN040.50,43.955,-69.6969
WN041.00,43.95085000009297,-69.6931999997654
WN042.00,43.95863999997332,-69.6864700001806
WN043.00,43.974210000104435,-69.67397000019665
WN043.30,43.940660000277944,-69.69154000011994
WN043.50,43.9222700001436,-69.70423999995154
WN044.00,43.905639999963014,-69.71358000016247
WN044.10,43.90549999991514,-69.71399999994146
WN044.50,43.90885999982156,-69.72313999969087
WN045.00,43.89915000002763,-69.73356000000356
WN047.00,43.986379999884946,-69.66286000009946
WN048.00,43.98252000017406,-69.67136999995692
WN049.00,43.99168999996236,-69.67489000017744
WN050.00,43.99472000002741,-69.64800999992754
WN051.00,43.99654999994906,-69.67619000003745
WN052.00,43.99869999986087,-69.6652299996292
WN054.00,44.00036999987691,-69.6510600001667
WN056.00,44.009160000039884,-69.65845000025428
WN057.00,44.01392000023634,-69.65280999978732
WN060.00,43.999899999806324,-69.64306999974653
WN063.00,44.02211000006554,-69.631419999756
WN064.00,44.03057999977307,-69.62006000005434
WN065.00,44.04627000011494,-69.61598999999806
WN067.00,44.051149999808544,-69.60960999969201
WN068.00,44.03651999993455,-69.61361999989086
WN068.50,44.01655999976979,-69.60847999980305
WN069.00,44.03356000008752,-69.58737000037381
WN071.00,44.01145999987425,-69.59783999969567
WN073.00,43.97537999974846,-69.66412000034154
WN076.00,43.941429999837275,-69.67758000032427
WN077.20,43.912349999949,-69.69377999984806
WN077.30,43.88179000018446,-69.69909000031174
WN078.00,43.92876999991351,-69.66836000030588
WN079.00,43.93213000005378,-69.65175999962047
WN080.00,43.951430000249545,-69.64745000024422
WN080.50,43.95089999990641,-69.64246000003325
WN081.10,43.93577,-69.64495
WN082.00,43.937939999713855,-69.62618000027294
WN083.00,43.92951000009874,-69.61881999967987
WN084.00,43.9153499998818,-69.6235300004112
WN084.10,43.90859999986241,-69.62390000038741
WN084.20,43.92217000007969,-69.63008000000646
WN084.30,43.931809999850856,-69.63812000018027
WN085.00,43.92284000025413,-69.66406000013328
WN085.50,43.89919000027192,-69.6607100002018
WN086.00,43.913450000008986,-69.67624999987939
WN087.00,43.90348999976039,-69.6804500001462
WN089.00,43.881590000242134,-69.67056000010355
WN090.00,43.87622999978447,-69.66999000012987
WN091.00,43.88459999993126,-69.66097000009911
WN092.00,43.87995999998026,-69.66368000011286
WN093.00,43.87400000027813,-69.66778999980646
WN098.00,43.86560000008708,-69.66542999975208
WN099.00,43.858689999767016,-69.66389000003707
WN100.00,43.85241999989092,-69.6642500000168
WN104.50,43.834339999814986,-69.66968000038547
WN105.00,43.82966000000732,-69.66841000007628
WQ008.00,43.8566500001098,-69.57592000009778
WQ012.00,43.87162000003225,-69.5907499996566
WQ012.50,43.87999000009619,-69.58911000010322
WQ013.00,43.89622000009007,-69.5910699998141
WQ015.00,43.91850000010533,-69.59587000039193
WQ017.00,43.952539999935595,-69.58728000025867
WQ018.00,43.9786499997876,-69.57417999971895
WQ020.00,43.9947099997306,-69.5535499998886
WQ021.00,43.99782000006312,-69.54898999978947
WQ022.00,44.00947000026073,-69.55039999986033
WQ023.00,44.019469999892145,-69.54768999976507
WQ024.00,44.03209999996247,-69.53835000023007
WQ031.50,44.046819999801336,-69.51811000026733
WQ032.00,44.043940000230194,-69.51323000029434
WQ034.00,44.03248000007285,-69.53309000021193
WQ039.00,44.01865000010934,-69.54148000026147
WQ040.00,44.01845000014553,-69.53914000016474
WQ041.00,44.01960999995537,-69.53566999947931
WQ042.00,44.014279999716656,-69.53897999991412
WQ043.00,44.01356999976761,-69.53861999983718
WQ044.00,43.99602999997073,-69.54025000027414
WQ045.00,43.99380999974512,-69.54168999979592
WQ046.50,43.976579999728585,-69.55879999988868
WQ047.00,43.96960000008888,-69.56356999989926
WQ048.00,43.95793000024205,-69.56624999996166
WQ049.00,43.93525000028555,-69.58115999970826
WQ051.00,43.930890000117344,-69.57129000019819
WQ052.00,43.93054999983026,-69.56693999998221
WQ054.00,43.887500000173866,-69.56643999959512
WQ055.00,43.87519000004179,-69.56805999966093
WQ057.00,43.87103999973959,-69.56950999980133
WQ058.00,43.86254999984393,-69.5647599999392
WR006.00,43.86569999998133,-69.55399000025494
WR007.00,43.86825999985538,-69.55592999995811
WR008.00,43.87918000009732,-69.55378000026954
WR010.00,43.88748999990902,-69.54904000023902
WR010.50,43.8865000000229,-69.556299999766
WR011.00,43.89024000020136,-69.56344000016244
WR012.00,43.90708999978859,-69.54471999992226
WR013.00,43.92145000024533,-69.54265000034493
WR014.00,43.914299999737075,-69.53069999979932
WR016.00,43.900849999849754,-69.5350700001685
WR022.00,43.883039999817136,-69.51854000041234
WR023.00,43.886829999928636,-69.51344999976851
WR024.00,43.89456000009788,-69.51690999977774
WR025.00,43.90183000008467,-69.51580999971847
WR026.00,43.903670000095204,-69.51163000023415
WR027.00,43.901480000061355,-69.50945999991549
WR027.30,43.89867999970619,-69.5132600003886
WR027.50,43.891219999889444,-69.51233000018034
WR028.00,43.889690000087214,-69.50715000000527
WR029.00,43.88638000011965,-69.50775999974681
WR030.00,43.88055000011184,-69.51442999998085
WS017.00,43.99164000015732,-69.4326799998416
WS018.00,43.999669999939655,-69.4234500003308
WS019.00,43.98697000005661,-69.42428000005302
WS019.80,43.97852999991098,-69.41894999991945
WS021.00,43.984759999920946,-69.41471000029132
WS022.00,43.99246999971599,-69.40810999993874
WS024.00,43.99766999971787,-69.40096000034286
WS024.80,44.017759999587525,-69.3920899996239
WS025.00,44.02287000015726,-69.41186000027895
WS026.00,44.03119000017906,-69.4111599996286
WS027.00,44.033910000054945,-69.40621999972328
WS028.00,44.04395999980741,-69.40790999975154
WS030.00,44.0329699999674,-69.3960400000676
WS031.00,44.044200000179124,-69.39266999965902
WS032.00,44.047460000145456,-69.38293000022253
WS034.00,44.03250000014026,-69.38393000030622
WS035.00,44.03204000024412,-69.3774099999886
WS036.00,44.03985999970193,-69.37048000025973
WS037.00,44.05518999975886,-69.37254999989979
WS038.00,44.06435999979675,-69.3807500000816
WS038.50,44.06546000012862,-69.38829000037705
WS039.00,44.06543999983159,-69.39351000041412
WS040.00,44.07047000009925,-69.39362999983541
WS041.00,44.07818999991287,-69.38682999962813
WS043.90,44.09299999973499,-69.3774699995938
WS047.30,44.07376000008292,-69.380740000267
WS048.00,44.06338999978701,-69.3646899996598
WS048.40,44.059539999928006,-69.36056000020542
WS049.00,44.06499999990887,-69.34964999973946
WS049.20,44.05890000018368,-69.34948999958878
WS050.00,44.04871000020453,-69.34010999959928
WS051.00,44.03324000002101,-69.34821000015855
WS052.00,44.0268499998098,-69.36316999989687
WS053.00,44.01990000016451,-69.37107999955552
WS054.00,44.01888000009633,-69.37096999958494
WS055.00,44.015640000181726,-69.36320000019435
WS057.00,44.020520000159514,-69.35385999965298
WS058.00,44.02980999970173,-69.34670999974495
WS059.00,44.01280999991733,-69.3455199998688
WS060.00,44.00775000000828,-69.35520000023914
WS063.00,43.99630999974408,-69.36070000023152
WS065.00,43.9799600001548,-69.36496999960927
WS067.00,43.99120000024013,-69.39681000014035
WS067.50,43.97910000017167,-69.39302000008843
WS068.00,43.972530000013144,-69.39014000026768
WS069.00,43.96520000018799,-69.39157999997447
WS072.00,43.923810000203886,-69.42566000017413
WT002.00,43.97600000007106,-69.35600000031452
WT004.00,43.98319000008479,-69.35160000016513
WT008.00,43.97300999993181,-69.3445099999334
WT010.00,43.974869999832684,-69.33154999994306
WT011.00,43.97950000008393,-69.32754000034168
WT012.00,43.97233999988472,-69.32975999978979
WT013.00,43.97015999979041,-69.32778999974812
WT014.00,43.97473999994687,-69.31905999980626
WT015.00,43.99864999976254,-69.31355000004774
WT015.50,43.999990000126395,-69.30874000026239
WT016.00,43.9890999998632,-69.31265000013755
WT017.00,43.990780000254546,-69.3045699997272
WT018.00,43.99304000007221,-69.30236999992434
WT018.50,44.00009000001905,-69.29658000014453
WT019.00,44.00555000011159,-69.29180999979747
WT019.10,44.0032599998111,-69.29218000026492
WT019.50,43.99747000016574,-69.29092999971898
WT020.00,43.98523000001522,-69.30789999963565
WT020.80,43.98612999974581,-69.30094999974226
WT022.00,43.97413999996708,-69.30618999962186
WT023.50,43.96725000006229,-69.31571000018293
WT024.00,43.966019999917265,-69.30662000004845
WT026.00,43.952369999949,-69.32068000020215
WT027.00,43.95625000011881,-69.32885999988727
WT027.50,43.95455999995926,-69.3346500002709
WT028.50,43.96020000025874,-69.34729999988801
WT029.00,43.9399200002324,-69.35161999998752
WT031.00,43.91010999980767,-69.37712999973093
WU001.00,43.95382000024973,-69.30748000015379
WU002.00,43.95643000000474,-69.30020999986641
WU003.00,43.95955000028527,-69.29308999970553
WU004.00,43.95888000001693,-69.28832000040194
WU005.00,43.97025000005034,-69.27751000012248
WU006.00,43.972950000295945,-69.28426999970493
WU006.50,43.97801999977666,-69.2827699999982
WU007.00,43.98859999981639,-69.28024000039721
WU009.00,43.97868999986334,-69.27068000007301
WU010.00,43.980639999844925,-69.26357000001445
WU012.00,43.9913899998362,-69.25883000061458
WU013.00,44.00050000006674,-69.25422000008129
WU013.50,44.0049099998002,-69.24790000036502
WU013.80,44.01392999992048,-69.24312000038135
WU014.50,44.017810000286865,-69.24168999988461
WU017.00,44.011469999726785,-69.23388999989005
WU018.00,44.02225999993668,-69.21447000030635
WU019.00,44.02833000007738,-69.21071000040041
WU020.00,44.03857000002919,-69.20575999998239
WU021.00,44.044139999939866,-69.20442000025733
WU022.00,44.049520000245856,-69.2084600000162
WU023.00,44.05719000011059,-69.19208999992192
WU025.00,44.06486999996353,-69.18771000008879
WU028.00,44.07168999980926,-69.1824100002468
WU029.00,44.07484000002988,-69.17334000016785
WU032.00,44.071010000259136,-69.16632999993885
WU033.00,44.06182000011305,-69.16875000016118
WU034.00,44.05630999989946,-69.17739999964714
WU034.50,44.06179999992199,-69.17946999985693
WU035.00,44.05490000001112,-69.18402000025301
WU036.00,44.05030000011807,-69.1841500002028
WU037.00,44.04595000001254,-69.186929999996
WU037.50,44.037730000120256,-69.18819999992107
WU038.00,44.02651000000633,-69.20232000035585
WU039.00,44.021299999781334,-69.20656999971254
WU040.00,44.00859000010413,-69.2183299996664
WU041.00,44.009789999840535,-69.20401999968134
WU042.00,43.99893000001666,-69.21504999974606
WU042.70,43.99475999975846,-69.21668000022767
WU043.00,43.988729999923066,-69.22374000034314
WU044.00,43.99238000029613,-69.23180999993981
WU045.70,43.98070000005328,-69.24327000016895
WU045.80,43.98000000010261,-69.23884000004227
WU046.00,43.984530000145206,-69.24310999982814
WU047.00,43.97328999996681,-69.25548000012634
WU048.00,43.958030000196075,-69.25387000022141
WU048.80,43.952169999932394,-69.27490000015472
WU050.00,43.947009999875725,-69.26940000005933
WU055.50,43.93167999975167,-69.27385000023807
WU056.00,43.945810000208404,-69.30626000022407
WU056.50,43.932660000200656,-69.29917999971462
WU057.00,43.92875999987916,-69.29347000025875
WU058.00,43.92393000005528,-69.30403999961126
WU059.00,43.91216000029201,-69.31190999993167
WV001.00,43.93147999979654,-69.24332000034487
WV002.00,43.936519999811864,-69.22874999967928
WV003.00,43.9430999998603,-69.2300000001181
WV003.50,43.94204999993013,-69.22908000004261
WV004.00,43.941720000169326,-69.22351000037094
WV006.00,43.93457000003953,-69.21713000033432
WV006.50,43.935310000040346,-69.21441999984906
WV008.00,43.95855999985768,-69.21336000041255
WV010.00,43.9656199999106,-69.2147899996158
WV013.00,43.967080000147334,-69.19969000038066
WV014.00,43.9729600000692,-69.2003799995096
WV016.00,43.97617000026819,-69.19439999966322
WV016.50,43.982989999933324,-69.19504000023008
WV017.00,43.98317000029626,-69.20241999992332
WV018.00,43.98772999977868,-69.19625000022842
WV019.00,43.99833000015745,-69.1936099997484
WV020.50,44.00101000013634,-69.18763000023148
WV020.80,43.99493000024822,-69.18960000015379
WV022.00,43.991019999737325,-69.18166000026221
WV024.00,43.9910200001324,-69.18164999994892
WV025.00,43.99405999999527,-69.17369000005654
WV026.00,44.00513999994747,-69.1703999999322
WV026.50,44.0049800003432,-69.1670699996686
WV027.00,44.005560000037015,-69.16506000007834
WV028.00,44.0083400000916,-69.1562000001023
WV028.50,44.00493999970934,-69.16062999984213
WV029.00,44.0001199999642,-69.15967000041174
WV030.00,44.0001699999234,-69.15615999970153
WV031.00,44.001419999929276,-69.14928999999027
WV032.00,43.99806999989412,-69.14975000040364
WV035.00,44.00045999988132,-69.13720999990012
WV036.00,43.99805999997128,-69.1494100001774
WV036.50,44.00190000028313,-69.1418799997418
WV037.00,44.00419999984367,-69.13844999958461
WV038.00,44.00413999975139,-69.13265000013766
WV039.00,44.01030000000928,-69.1281700000382
WV040.00,44.006630000236065,-69.12450999985126
WV041.00,44.00417999989614,-69.12520000004776
WV044.00,44.000239999722346,-69.11078000019907
WV045.00,44.0004800003515,-69.1168499995414
WV046.00,44.005049999929184,-69.12360000001546
WV046.50,44.01208999982794,-69.12854000008674
WV046.80,44.020460000138655,-69.12569000013819
WV047.00,44.02520999980086,-69.1196799998244
WV047.50,44.03208000020415,-69.11509999981108
WV048.00,44.034649999914606,-69.11607999965874
WV048.50,44.03856000028259,-69.11923999984965
WV048.80,44.03810999981569,-69.12533000035107
WV049.00,44.03383000019426,-69.13181999964819
WV050.00,44.04165000009427,-69.13193000039865
WV050.50,44.05654999988653,-69.13132999965308
WV050.80,44.06441999986387,-69.13410000014305
WV052.00,44.054060000096854,-69.12502999962993
WV053.00,44.05130999981525,-69.12517999965154
WV054.00,44.050120000299216,-69.1209799998056
WV055.00,44.04318000026772,-69.12817000034246
WV056.00,44.047929999742124,-69.11264999999801
WV057.00,44.046279999940545,-69.10529000007872
WV058.00,44.04213999988681,-69.11255000003719
WV059.00,44.037489999937456,-69.10354999977194
WV060.00,44.03884000029927,-69.09712999974872
WV061.00,44.04042000024487,-69.09408999964305
WV062.50,44.057989999942805,-69.07893000003887
WV063.00,44.059670000376,-69.07709999953
WV064.00,44.06351000016246,-69.07910000004755
WV065.00,44.061860000080124,-69.07325000027846
WV077.00,44.01035000016859,-69.06649000013631
WV078.00,44.006759999808324,-69.05970000037681
WV079.00,44.00089999976179,-69.06202999966014
WV080.00,43.99130000009806,-69.07396000014194
WV081.00,43.983639999892546,-69.07975999988591
WV083.00,43.97254999990848,-69.18746999968555
WV084.00,43.97598000002621,-69.18676999978433
WV085.00,43.97795000017001,-69.18218000024453
WV086.00,43.99499999989232,-69.15736000012238
WV087.00,43.9913900000106,-69.15420000006107
WV088.00,43.98843999976239,-69.14246999981819
WV089.00,43.984509999805134,-69.13127000011902
WW033.00,44.2124500002628,-69.046240000626
WW040.00,44.29105999973274,-69.00153999964341
WW041.00,44.29556000000726,-69.00315999979067
WW042.00,44.298369999794524,-68.9939000002896
WW043.00,44.299519999756676,-68.98264000011415
WW044.00,44.30336999976972,-68.97377999985807
WW045.00,44.315750000070466,-68.95948000028046
WW049.00,44.371559999745884,-68.9609100000086
WW050.00,44.3808000000898,-68.9672000003176
WW051.00,44.3861700001933,-68.9832199994222
WW052.00,44.3942899999073,-68.9877499997997
WW069.00,44.46204999986766,-68.8970300002086
WW070.00,44.46818000009307,-68.89547999978761
WW071.00,44.459819999918075,-68.883019999882535
WW072.00,44.4569800004375,-68.8821999994829
WW075.00,44.46050999976706,-68.88336999997007
WW076.00,44.46444999972968,-68.878140000135
WW078.00,44.47907000027921,-68.85569000003947
WW079.00,44.47971000009774,-68.85400999991901
WW080.00,44.47808999987699,-68.84547999998173
WW081.00,44.46877000023028,-68.85572000013288
WW081.50,44.456390000131606,-68.86004000015208
WW082.00,44.44927000022894,-68.86140000014285
WX000.50,44.4514200001704,-68.84355999965885
WX001.00,44.464799999983626,-68.82136999992723
WX002.00,44.47083000011233,-68.81313999963895
WX003.00,44.482600000231926,-68.83717999972467
WX004.00,44.494189999914724,-68.82496999971629
WX005.00,44.49667999988973,-68.81135000003233
WX026.00,44.44726999989025,-68.7833499999436
WX028.00,44.435600000057654,-68.80079000010471
WX029.00,44.43065000009696,-68.8097999999566
WX031.00,44.404540000157716,-68.81005000015402
WX033.00,44.39550000017617,-68.81275999981784
WY001.00,44.29074000000145,-68.92756999982467
WY001.50,44.2949399997596,-68.9289900000198
WY002.00,44.314609999728525,-68.90581000020775
WY003.00,44.33265000022461,-68.90889000007633
WY004.00,44.34256000012174,-68.90958000035481
WY005.00,44.37340000011285,-68.9027299999287
WY006.00,44.378470000274056,-68.88286000039948
WY008.00,44.369729999850406,-68.86527000031306
WY009.00,44.36127999978821,-68.87033999988705
WY009.50,44.350389999885735,-68.87853000020914
WY010.00,44.341250000239015,-68.88975999977673
WY010.50,44.32837999983435,-68.8940100001118
WY011.00,44.31871000013946,-68.90188999989266
WY012.00,44.307279999804,-68.90224000036935
WY013.00,44.30523999998973,-68.89445999966233
WY013.20,44.2962599996845,-68.8934300000066
WY013.70,44.2753100002754,-68.9053700002383
WY015.00,44.28701999980101,-68.91927000008181
WY016.00,44.27450999987847,-68.91989000036567
WY019.00,44.232100000270286,-68.93071000038147
WZ003.00,44.054020000072484,-68.8625699999184
WZ003.70,44.05179999978759,-68.85500000019847
WZ004.30,44.066100000126255,-68.88152999965932
WZ005.00,44.062370000162254,-68.86940000005053
WZ005.90,44.09161999998985,-68.883079999804
WZ006.00,44.09058999973354,-68.89630999998546
WZ007.00,44.10344000003608,-68.89637999974234
WZ007.40,44.114800000233,-68.89922000010408
WZ007.80,44.12273999984221,-68.89699000024335
WZ008.00,44.11903999972821,-68.86812999958399
WZ009.00,44.10285000000648,-68.855730000061115
WZ009.50,44.10270000016806,-68.85490000024335
WZ010.50,44.10301999986405,-68.84467999981027
WZ011.00,44.12299000016579,-68.84271999979701
WZ012.00,44.1225700002258,-68.84132999980365
WZ013.00,44.10184000010321,-68.81393999959101
WZ014.00,44.091560000115344,-68.83145000008848
WZ014.50,44.08551000003373,-68.8410399999016
WZ015.00,44.075299999711085,-68.83901999963393
WZ015.50,44.08029999980819,-68.82197000031033
WZ016.00,44.080170000088266,-68.80647999978792
WZ017.00,44.082929999846726,-68.78774999964088
WZ017.50,44.09196999981427,-68.79075000019694
WZ018.00,44.07762000029002,-68.78642000033547
WZ019.00,44.05885000024045,-68.78857000030511
WZ020.00,44.05792999985392,-68.79611000009761
WZ021.00,44.04858000002972,-68.80127000025047
WZ022.00,44.04764000011607,-68.81264000006279
WZ026.00,44.136340000179395,-68.88468999979587
WZ027.00,44.13423999994814,-68.87846000039072
WZ028.00,44.13885999983673,-68.87843000031387
WZ029.00,44.147010000233855,-68.8721799996862
WZ030.00,44.13681999980399,-68.90052999994042
WZ031.00,44.13744999989426,-68.90251999998195
WZ032.00,44.12277999998061,-68.92963999987514
WZ033.00,44.11666000015521,-68.93610000031161
WZ034.00,44.122269999956416,-68.93279999988508
WZ035.00,44.138880000271016,-68.91864000000508
WZ035.50,44.149069999774404,-68.90989999993279
WZ036.00,44.15415000008731,-68.8920300003468
WZ038.80,44.16088000014126,-68.85958000035633
WZ038.90,44.16080000005988,-68.85940000018786
WZ039.00,44.1566300002934,-68.87714999968425
WZ040.00,44.156980000176,-68.8853400002922
WZ040.50,44.1825000002618,-68.84760999983229
WZ041.00,44.18390000023313,-68.8329700003234
WZ042.00,44.17887000023961,-68.82256000039212
WZ043.00,44.15974999995905,-68.81573000039373
WZ044.00,44.15437999986501,-68.816680000128855
WZ045.00,44.146129999854,-68.81924999976573
WZ046.00,44.15212000016107,-68.82425999993814
WZ047.00,44.1496900000646,-68.84436999999754
WZ048.00,44.144289999813786,-68.84984000000567
WZ048.50,44.13955000022462,-68.85016999970307
WZ049.00,44.14803999987526,-68.85628999988525
WZ054.00,44.13179000023561,-68.88121000001658
WZ055.00,44.131429999748995,-68.89177999979253
WZ056.00,44.040080000239,-68.890990000008
WZ057.00,44.0361800000675,-68.8861599996936
