OBJECTID,Station,Lat,Long,Grow_Area,land_1000,land_500,land_100,imperv_1000,imperv_500,imperv_100,pct_100,pct_500,pct_1000,pct_l_100,pct_l_500,pct_l_1000
1,WI010.70,43.707650000000001,-70.244810000000001,WI,73985,12784,535,194974,3441,0,0.0000000,0.4381221,6.2062206,0.0000000,1.0766584,10.5412722
2,WI010.80,43.697550000000000,-70.244640000000004,WI,38449,13154,524,209187,91456,3276,10.4278402,11.6445494,6.6586347,25.0076332,27.8108559,21.7625427
3,WI015.00,43.706040000000002,-70.217489999999998,WI,45527,13199,572,82356,34606,3321,10.5710802,4.4061766,2.6214752,23.2237759,10.4874611,7.2357941
4,WI017.00,43.712110000000003,-70.218519999999998,WI,61744,20546,790,136065,48191,1490,4.7428212,6.1358738,4.3310871,7.5443039,9.3820696,8.8147840
5,WI017.50,43.716720000000002,-70.217010000000002,WI,55902,6780,328,141570,13065,0,0.0000000,1.6634889,4.5063167,0.0000000,7.7079644,10.1298704
6,WI019.00,43.715389999999999,-70.219340000000003,WI,68589,14924,823,187281,28192,1672,5.3221459,3.5895200,5.9613442,8.1263666,7.5561514,10.9219265
7,WI020.00,43.721080000000001,-70.221670000000003,WI,89221,20694,481,380491,58202,1185,3.7719753,7.4105148,12.1114149,9.8544703,11.2500238,17.0583611
8,WI025.00,43.732480000000002,-70.204470000000001,WI,60694,14087,288,293078,85385,2619,8.3365431,10.8715649,9.3289700,36.3750000,24.2450485,19.3151226
9,WI026.00,43.736190000000001,-70.202219999999997,WI,69445,18302,965,285169,99688,4664,14.8459854,12.6926813,9.0772190,19.3326416,21.7873459,16.4256039
10,WI027.00,43.740819999999999,-70.196340000000006,WI,60255,16961,872,234516,50711,2150,6.8436685,6.4567304,7.4648824,9.8623857,11.9594364,15.5682354
11,WI028.50,43.755220000000001,-70.197599999999994,WI,75490,17514,440,239641,45003,394,1.2541420,5.7299647,7.6280165,3.5818181,10.2781773,12.6978941
12,WI029.00,43.758189999999999,-70.195769999999996,WI,63578,15127,649,190197,64902,992,3.1576366,8.2635860,6.0541635,6.1140218,17.1618958,11.9662151
13,WI030.00,43.768169999999998,-70.195300000000003,WI,82164,20049,610,310469,49670,1191,3.7910740,6.3241863,9.8825436,7.8098359,9.9097214,15.1146002
14,WI033.00,43.775500000000001,-70.181600000000003,WI,84873,15246,485,228271,55446,2915,9.2787409,7.0596099,7.2660975,24.0412369,14.5470285,10.7582388
15,WI034.10,43.762869999999999,-70.178780000000003,WI,20853,6766,573,57176,25482,2110,6.7163444,3.2444718,1.8199701,14.7294941,15.0647354,10.9674387
16,WI036.00,43.762129999999999,-70.172489999999996,WI,24742,8838,276,66957,28983,983,3.1289887,3.6902332,2.1313093,14.2463770,13.1174479,10.8248320
17,WI038.00,43.771709999999999,-70.165400000000005,WI,75243,20579,661,157293,43551,1258,4.0043416,5.5450902,5.0067959,7.6127081,8.4651346,8.3618679
18,WI040.00,43.775069999999999,-70.153099999999995,WI,45985,9742,339,120974,48043,1071,3.4091017,6.1170301,3.8507252,12.6371679,19.7261333,10.5229101
19,WI041.00,43.781399999999998,-70.153070000000000,WI,74083,18381,752,168005,39399,2188,6.9646263,5.0164409,5.3477697,11.6382980,8.5738535,9.0711765
20,WI048.00,43.790689999999998,-70.150400000000005,WI,66170,18714,687,109155,28246,1024,3.2594960,3.5963955,3.4745145,5.9621544,6.0374050,6.5984583
21,WI051.00,43.812170000000002,-70.153490000000005,WI,116209,26692,918,245385,69641,8962,28.5269566,8.8669748,7.8108540,39.0501099,10.4362354,8.4463339
22,WI051.50,43.812030000000000,-70.154629999999997,WI,116099,27084,1120,253031,77727,12837,40.8614731,9.8965178,8.0542336,45.8464279,11.4793978,8.7177668
23,WI053.00,43.806640000000002,-70.153220000000005,WI,112898,24729,723,224204,10700,5814,18.5065517,1.3623675,7.1366410,32.1659737,1.7307614,7.9435949
24,WI054.00,43.796950000000002,-70.150400000000005,WI,83053,17829,582,111377,31711,923,2.9380028,4.0375733,3.5452430,6.3436427,7.1144762,5.3641410
25,WI055.00,43.797829999999998,-70.139129999999994,WI,69876,17408,848,69702,20481,2092,6.6590486,2.6077242,2.2186854,9.8679247,4.7061119,3.9900396
26,WI055.20,43.801259999999999,-70.138400000000004,WI,94389,28111,955,99383,32119,726,2.3109317,4.0895214,3.1634619,3.0408378,4.5703106,4.2116346
27,WI055.50,43.795520000000003,-70.136650000000003,WI,51196,10588,442,60211,16139,0,0.0000000,2.0548830,1.9165772,0.0000000,6.0970912,4.7043519
28,WI056.00,43.798780000000001,-70.127200000000002,WI,66268,17984,760,84936,36753,2356,7.4993873,4.6795411,2.7035992,12.3999996,8.1745996,5.1268182
29,WI056.70,43.807330000000000,-70.107470000000006,WI,23822,4751,529,40513,6032,625,1.9894384,0.7680187,1.2895700,4.7258978,5.0785098,6.8026195
30,WI058.50,43.773769999999999,-70.145550000000000,WI,36366,5719,315,99537,18210,3031,9.6479807,2.3185711,3.1683638,38.4888878,12.7364922,10.9483585
31,WI058.80,43.773290000000003,-70.132009999999994,WI,30359,9265,514,80446,25604,2354,7.4930210,3.2600052,2.5606778,18.3190670,11.0540743,10.5992947
32,WI061.00,43.771290000000000,-70.125489999999999,WI,21707,3798,462,48368,12165,1479,4.7078071,1.5488973,1.5396025,12.8051949,12.8120060,8.9128857
33,WI062.00,43.772599999999997,-70.127560000000003,WI,20796,6079,480,56874,17981,1357,4.3194690,2.2894139,1.8103572,11.3083334,11.8315516,10.9394112
34,WI063.00,43.765169999999998,-70.134720000000002,WI,75647,17221,676,157223,43396,2247,7.1524291,5.5253549,5.0045676,13.2958584,10.0797863,8.3135090
35,WI064.00,43.758620000000001,-70.137270000000001,WI,76562,19830,417,162879,47363,1425,4.5359197,6.0304494,5.1846042,13.6690645,9.5538073,8.5096521
36,WI065.50,43.761539999999997,-70.122190000000003,WI,30696,15785,855,25856,4265,381,1.2127616,0.5430371,0.8230227,1.7824562,1.0807729,3.3692989
37,WI069.00,43.751919999999998,-70.139790000000005,WI,52937,10415,523,129778,26353,3104,9.8803473,3.3553710,4.1309657,23.7399616,10.1211710,9.8062229
38,WI071.00,43.748660000000001,-70.151219999999995,WI,37658,13168,753,120032,57747,447,1.4228464,7.3525825,3.8207405,2.3745019,17.5416164,12.7496948
39,WI074.00,43.756869999999999,-70.150679999999994,WI,56432,16869,821,172661,26022,1057,3.3645384,3.3132267,5.4959750,5.1498175,6.1703715,12.2385168
40,WI077.00,43.751840000000001,-70.108189999999993,WI,58831,11618,69,77138,19715,1716,5.4622021,2.5101938,2.4553809,99.4782639,6.7877431,5.2447181
41,WI083.00,43.724299999999999,-70.139420000000001,WI,42420,11970,,45849,13082,0,0.0000000,1.6656533,1.4594202,,4.3715959,4.3233380
42,WI088.00,43.718000000000004,-70.125680000000003,WI,71281,19100,122,90027,35537,0,0.0000000,4.5247154,2.8656509,0.0000000,7.4423037,5.0519495
43,WI089.00,43.715949999999999,-70.126540000000006,WI,56736,12820,338,74807,20982,1789,5.6945686,2.6715136,2.3811827,21.1715984,6.5466456,5.2740412
44,WI090.00,43.714919999999999,-70.118819999999999,WI,47089,15648,152,63089,27971,1177,3.7465105,3.5613813,2.0081871,30.9736843,7.1500511,5.3591285
45,WI092.00,43.721640000000001,-70.111729999999994,WI,50161,9058,,71471,12982,0,0.0000000,1.6529210,2.2749946,,5.7328329,5.6993279
46,WI093.00,43.729950000000002,-70.109350000000006,WI,61306,16003,,98436,38625,0,0.0000000,4.9178920,3.1333179,,9.6544399,6.4226012
47,WI095.00,43.754339999999999,-70.096069999999997,WI,31245,12245,1,47143,21519,0,0.0000000,2.7398865,1.5006095,0.0000000,7.0294814,6.0352697
48,WI116.00,43.709130000000002,-70.078689999999995,WI,8697,2880,386,0,0,0,0.0000000,0.0000000,0.0000000,0.0000000,0.0000000,0.0000000
49,WJ001.00,43.807360000000003,-70.108720000000005,WJ,27798,5420,711,47944,8173,1022,3.2531297,1.0406196,1.5261062,5.7496486,6.0317345,6.8989134
50,WJ001.20,43.810899999999997,-70.109899999999996,WJ,39060,1949,,77660,1741,0,0.0000000,0.2216712,2.4719965,,3.5731144,7.9528928
51,WJ001.50,43.804160000000003,-70.116550000000004,WJ,53512,14967,466,83878,28468,0,0.0000000,3.6246614,2.6699219,0.0000000,7.6082048,6.2698460
52,WJ002.00,43.813870000000001,-70.114090000000004,WJ,62745,10769,522,141201,22822,922,2.9348197,2.9057899,4.4945712,7.0651340,8.4769249,9.0015774
53,WJ002.50,43.815800000000003,-70.118269999999995,WJ,90118,23721,524,168401,36880,0,0.0000000,4.6957116,5.3603749,0.0000000,6.2189622,7.4746885
54,WJ002.51,43.814790000000002,-70.110079999999996,WJ,52384,5307,,149600,21729,0,0.0000000,2.7666245,4.7619200,,16.3776150,11.4233351
55,WJ003.00,43.817149999999998,-70.111210000000000,WJ,61283,12964,619,161010,46936,2509,7.9864016,5.9760823,5.1251116,16.2132473,14.4819498,10.5092764
56,WJ006.00,43.820369999999997,-70.105599999999995,WJ,57031,9190,240,166927,68483,8997,28.6383648,8.7195339,5.3134561,149.9499969,29.8076172,11.7078085
57,WJ007.12,43.822710000000001,-70.102010000000007,WJ,61739,2664,,175179,26114,0,0.0000000,3.3249404,5.5761256,,39.2102089,11.3496494
58,WJ008.00,43.825449999999996,-70.106039999999993,WJ,75242,17885,741,234982,66913,2372,7.5503168,8.5196352,7.4797158,12.8043184,14.9651661,12.4920654
59,WJ009.00,43.829810000000002,-70.097740000000002,WJ,55527,9721,586,102218,29864,2087,6.6431332,3.8024058,3.2537026,14.2457342,12.2884474,7.3634810
60,WJ009.70,43.835120000000003,-70.100499999999997,WJ,76742,20851,529,133336,43135,64,0.2037185,5.4921236,4.2442203,0.4839320,8.2749033,6.9498320
61,WJ009.80,43.834629999999997,-70.094729999999998,WJ,59992,5549,,82511,10390,0,0.0000000,1.3228970,2.6264088,,7.4896379,5.5014668
62,WJ011.00,43.842430000000000,-70.096220000000002,WJ,95680,22493,364,91984,30864,1397,4.4467931,3.9297299,2.9279442,15.3516483,5.4886408,3.8454850
63,WJ014.00,43.838529999999999,-70.089439999999996,WJ,67672,12526,547,51714,9118,702,2.2345374,1.1609408,1.6461091,5.1334553,2.9117036,3.0567443
64,WJ014.15,43.847130000000000,-70.079989999999995,WJ,110778,23880,391,50765,1105,0,0.0000000,0.1406931,1.6159015,0.0000000,0.1850921,1.8330355
65,WJ014.17,43.843089999999997,-70.080550000000002,WJ,101738,19241,,49786,5909,0,0.0000000,0.7523579,1.5847390,,1.2284185,1.9574200
66,WJ014.20,43.839500000000001,-70.083430000000007,WJ,85186,17698,747,52207,12654,1819,5.7900620,1.6111587,1.6618018,9.7402945,2.8599842,2.4514356
67,WJ014.31,43.836660000000002,-70.083960000000005,WJ,80330,16657,88,53561,10216,0,0.0000000,1.3007426,1.7049010,0.0000000,2.4532628,2.6670485
68,WJ014.41,43.833179999999999,-70.090389999999999,WJ,61421,5868,,64581,2976,0,0.0000000,0.3789164,2.0556788,,2.0286298,4.2057929
69,WJ014.50,43.831470000000003,-70.087180000000004,WJ,65646,14939,607,58007,10668,0,0.0000000,1.3582931,1.8464217,0.0000000,2.8564160,3.5345337
70,WJ014.70,43.822699999999998,-70.093800000000002,WJ,56571,15971,439,47271,6048,0,0.0000000,0.7700559,1.5046840,0.0000000,1.5147455,3.3424191
71,WJ014.80,43.824289999999998,-70.097880000000004,WJ,60671,2129,,122920,0,0,0.0000000,0.0000000,3.9126685,,0.0000000,8.1040363
72,WJ014.90,43.819499999999998,-70.100380000000001,WJ,49722,6935,,120196,14091,0,0.0000000,1.7941234,3.8259606,,8.1274691,9.6694422
73,WJ015.00,43.818730000000002,-70.098280000000003,WJ,45460,13441,559,83784,13733,174,0.5538597,1.7485414,2.6669297,1.2450805,4.0868983,7.3721075
74,WJ015.50,43.814070000000001,-70.102429999999998,WJ,31244,11061,86,84789,17476,0,0.0000000,2.2251153,2.6989200,0.0000000,6.3198624,10.8550758
75,WJ016.00,43.809690000000003,-70.100819999999999,WJ,19264,6786,555,26302,9541,1340,4.2653561,1.2147989,0.8372194,9.6576576,5.6239314,5.4613786
76,WJ017.00,43.817689999999999,-70.088409999999996,WJ,48864,16501,671,33068,7963,341,1.0854377,1.0138816,1.0525880,2.0327868,1.9303073,2.7069416
77,WJ017.50,43.821350000000002,-70.081170000000000,WJ,54103,12050,476,34218,5474,0,0.0000000,0.6969719,1.0891937,0.0000000,1.8170954,2.5298412
78,WJ017.80,43.826290000000000,-70.081019999999995,WJ,77378,19406,589,52292,17443,0,0.0000000,2.2209136,1.6645075,0.0000000,3.5953829,2.7031972
79,WJ018.00,43.828580000000002,-70.076179999999994,WJ,87816,23119,803,65737,21240,1839,5.8537235,2.7043631,2.0924754,9.1606474,3.6748993,2.9943063
80,WJ018.20,43.824990000000000,-70.075680000000006,WJ,65761,9373,454,59936,8366,443,1.4101139,1.0651931,1.9078238,3.9030838,3.5702550,3.6456866
81,WJ018.60,43.826419999999999,-70.065839999999994,WJ,80923,20076,332,97435,16583,231,0.7352965,2.1114149,3.1014550,2.7831326,3.3040447,4.8161831
82,WJ018.90,43.821970000000000,-70.065140000000000,WJ,58173,12431,594,120455,32963,2728,8.6835012,4.1969829,3.8342049,18.3703709,10.6067095,8.2825365
83,WJ019.00,43.819679999999998,-70.062470000000005,WJ,41076,19799,688,112277,63003,2843,9.0495577,8.0217981,3.5738909,16.5290699,12.7285213,10.9335861
84,WJ024.00,43.810189999999999,-70.069519999999997,WJ,15842,2824,426,35044,10691,1412,4.4945393,1.3612216,1.1154861,13.2582159,15.1430597,8.8483782
85,WJ026.00,43.823300000000003,-70.056410000000000,WJ,49104,16902,780,102363,43564,2941,9.3615017,5.5467453,3.2583182,15.0820513,10.3097858,8.3384657
86,WJ027.30,43.841769999999997,-70.042389999999997,WJ,75109,20964,918,77363,26991,851,2.7088194,3.4366038,2.4625428,3.7080610,5.1499715,4.1200390
87,WJ027.50,43.851500000000001,-70.029759999999996,WJ,62702,16180,773,54783,14170,0,0.0000000,1.8041819,1.7437985,0.0000000,3.5030901,3.4948168
88,WJ031.50,43.860140000000001,-70.014189999999999,WJ,65733,16729,1122,54606,12032,778,2.4764531,1.5319631,1.7381644,2.7736185,2.8769202,3.3228972
89,WJ032.00,43.858409999999999,-70.008409999999998,WJ,36367,8620,535,14738,4299,0,0.0000000,0.5473661,0.4691255,0.0000000,1.9948956,1.6210301
90,WJ032.50,43.866740000000000,-69.997140000000002,WJ,69425,15246,440,74081,13873,0,0.0000000,1.7663667,2.3580735,0.0000000,3.6397743,4.2682605
91,WJ033.00,43.867649999999998,-69.993279999999999,WJ,75877,13779,606,102788,21337,3276,10.4278402,2.7167134,3.2718465,21.6237621,6.1940637,5.4186645
92,WJ033.20,43.866779999999999,-69.986210000000000,WJ,86932,15054,,118686,13482,0,0.0000000,1.7165830,3.7778959,,3.5823038,5.4610958
93,WJ033.70,43.863950000000003,-69.986410000000006,WJ,76801,16857,391,102867,15427,105,0.3342257,1.9642283,3.2743611,1.0741688,3.6606750,5.3575864
94,WJ034.00,43.861789999999999,-69.990129999999994,WJ,60968,12287,810,77831,13693,1650,5.2521176,1.7434484,2.4774399,8.1481485,4.4577193,5.1063509
95,WJ035.00,43.849699999999999,-69.999780000000001,WJ,43342,14339,448,68532,22934,1007,3.2053833,2.9200501,2.1814432,8.9910717,6.3976569,6.3247657
96,WJ038.00,43.825470000000003,-70.026100000000000,WJ,17269,7471,489,64011,24026,1293,4.1157503,3.0590880,2.0375352,10.5766869,12.8636055,14.8267994
97,WJ046.00,43.826009999999997,-70.019999999999996,WJ,33993,12777,548,85793,48103,858,2.7311010,6.1246696,2.7308784,6.2627735,15.0592470,10.0953722
98,WJ047.00,43.832769999999996,-70.011020000000002,WJ,41086,14995,790,100703,45016,6659,21.1962738,5.7316198,3.2054787,33.7164574,12.0082693,9.8041182
99,WJ048.00,43.842070000000000,-69.996530000000007,WJ,56851,12751,490,65496,19820,1584,5.0420327,2.5235629,2.0848043,12.9306126,6.2175517,4.6082568
100,WJ048.50,43.853670000000001,-69.984930000000006,WJ,65423,18107,441,74309,20792,0,0.0000000,2.6473219,2.3653309,0.0000000,4.5931406,4.5432954
101,WJ049.00,43.851810000000000,-69.973410000000001,WJ,46096,11115,450,45123,12970,1150,3.6605668,1.6513931,1.4363109,10.2222223,4.6675663,3.9155674
102,WJ049.50,43.855280000000000,-69.960939999999994,WJ,61819,12935,822,72882,18950,1271,4.0457220,2.4127910,2.3199081,6.1849151,5.8600698,4.7158318
103,WJ050.50,43.855449999999998,-69.952190000000002,WJ,69097,12540,607,52976,10926,129,0.4106201,1.3911427,1.6862799,0.8500824,3.4851675,3.0667613
104,WJ051.00,43.847079999999998,-69.957859999999997,WJ,58221,12660,482,66389,22019,405,1.2891561,2.8035486,2.1132293,3.3609958,6.9570298,4.5611720
105,WJ055.00,43.821390000000001,-69.976370000000003,WJ,64003,14787,458,82096,18115,475,1.5119733,2.3064754,2.6131990,4.1484718,4.9002504,5.1307597
106,WJ056.00,43.808030000000002,-69.993539999999996,WJ,51173,10779,481,39889,18047,3121,9.9344597,2.2978172,1.2697073,25.9542618,6.6970963,3.1179724
107,WJ057.00,43.786169999999998,-70.005340000000004,WJ,75552,20246,584,106810,23273,1237,3.9374967,2.9632130,3.3998709,8.4726028,4.5980439,5.6549129
108,WJ058.00,43.777580000000000,-70.017070000000004,WJ,55021,14668,520,87039,26471,3845,12.2390251,3.3703952,2.7705398,29.5769234,7.2187076,6.3276930
109,WJ059.00,43.768830000000001,-70.018879999999996,WJ,72807,17995,793,98746,9416,1576,5.0165682,1.1988834,3.1431854,7.9495587,2.0930259,5.4250827
110,WJ060.00,43.756459999999997,-70.033799999999999,WJ,40640,10931,782,69621,19864,429,1.3655505,2.5291653,2.2161071,2.1943734,7.2688684,6.8524609
111,WJ062.00,43.739690000000003,-70.040999999999997,WJ,12847,4533,601,29171,17652,5918,18.8375950,2.2475243,0.9285426,39.3876877,15.5764399,9.0825872
112,WJ063.00,43.747120000000002,-70.033119999999997,WJ,39515,19023,479,82363,36762,1201,3.8229051,4.6806870,2.6216979,10.0292273,7.7300110,8.3373909
113,WJ064.00,43.754730000000002,-70.030839999999998,WJ,53804,15428,654,102274,25871,1924,6.1242876,3.2940009,3.2554853,11.7675838,6.7075448,7.6034493
114,WJ065.00,43.762200000000000,-70.021749999999997,WJ,77769,20503,711,123467,22422,1719,5.4717517,2.8548601,3.9300799,9.6708860,4.3743844,6.3504481
115,WJ066.00,43.758859999999999,-70.021730000000005,WJ,84613,18731,678,130652,34639,2525,8.0373316,4.4103780,4.1587858,14.8967552,7.3971491,6.1764503
116,WJ067.00,43.749310000000001,-70.024829999999994,WJ,55839,15541,621,95587,38279,831,2.6451573,4.8738379,3.0426314,5.3526568,9.8523903,6.8473291
117,WJ067.50,43.752740000000003,-70.019570000000002,WJ,77664,21171,684,142044,36567,0,0.0000000,4.6558590,4.5214047,0.0000000,6.9088850,7.3158221
118,WJ068.00,43.752809999999997,-70.014730000000000,WJ,92003,25312,910,179713,36493,2835,9.0240927,4.6464372,5.7204471,12.4615383,5.7669091,7.8133540
119,WJ068.50,43.751080000000002,-70.016530000000003,WJ,84754,19093,656,168978,20441,877,2.7915800,2.6026311,5.3787413,5.3475609,4.2824073,7.9749866
120,WJ070.00,43.741470000000000,-70.016900000000007,WJ,24733,7197,676,81454,41646,7843,24.9650650,5.3025379,2.5927634,46.4082832,23.1463108,13.1733313
121,WK002.00,43.747650000000000,-70.002219999999994,WK,54670,12251,455,171056,28777,2190,6.9709926,3.6640046,5.4448862,19.2527466,9.3958044,12.5155296
122,WK004.00,43.758009999999999,-69.998239999999996,WK,24419,4913,280,70525,16642,277,0.8817191,2.1189270,2.2448823,3.9571428,13.5493584,11.5524797
123,WK005.00,43.754669999999997,-70.006540000000001,WK,76131,24218,785,170160,64989,3458,11.0071650,8.2746639,5.4163656,17.6203823,10.7339993,8.9403791
124,WK005.50,43.758330000000001,-70.008480000000006,WK,85087,18215,593,183356,40353,1199,3.8165388,5.1379080,5.8364077,8.0876894,8.8614874,8.6196947
125,WK006.10,43.767930000000000,-70.001480000000001,WK,62030,14889,838,95643,14085,2137,6.8022881,1.7933594,3.0444138,10.2004776,3.7840016,6.1675320
126,WK007.00,43.774369999999998,-69.992099999999994,WK,54568,13574,647,57291,21559,1876,5.9714985,2.7449794,1.8236307,11.5981455,6.3530278,4.1996040
127,WK007.10,43.787280000000003,-69.985939999999999,WK,83975,23030,700,117637,42989,1395,4.4404268,5.4735341,3.7445052,7.9714284,7.4666090,5.6034298
128,WK008.00,43.792580000000001,-69.975859999999997,WK,48132,12804,895,62727,20050,2928,9.3201218,2.5528474,1.9966642,13.0860338,6.2636676,5.2129145
129,WK009.00,43.806590000000000,-69.975560000000002,WK,87770,19996,649,73597,17218,1550,4.9338074,2.1922657,2.3426673,9.5531588,3.4442890,3.3540845
130,WK010.00,43.800199999999997,-69.972080000000005,WK,60661,6667,534,87636,17657,1257,4.0011587,2.2481611,2.7895429,9.4157305,10.5936699,5.7787375
131,WK011.00,43.813499999999998,-69.960049999999995,WK,79059,19651,677,126484,29819,2213,7.0442038,3.7966762,4.0261140,13.0753326,6.0697165,6.3994737
132,WK012.00,43.800849999999997,-69.960870000000000,WK,30657,11268,897,74959,34126,3023,9.6225157,4.3450608,2.3860211,13.4804907,12.1143064,9.7803440
133,WK013.10,43.817889999999998,-69.953440000000001,WK,84654,20555,553,134295,47029,2382,7.5821481,5.9879231,4.2747464,17.2296562,9.1518364,6.3455949
134,WK013.20,43.830219999999997,-69.947940000000003,WK,81318,14006,457,75060,14817,1565,4.9815540,1.8865607,2.3892360,13.6980305,4.2316151,3.6921716
135,WK013.30,43.834110000000003,-69.952050000000000,WK,82997,20523,593,81251,13648,666,2.1199455,1.7377188,2.5863018,4.4924116,2.6600399,3.9158523
136,WK014.00,43.852580000000003,-69.941900000000004,WK,73575,18812,52,46580,3951,0,0.0000000,0.5030574,1.4826887,0.0000000,0.8401021,2.5323820
137,WK014.10,43.861690000000003,-69.936989999999994,WK,93047,19810,556,59554,22823,1283,4.0839195,2.9059172,1.8956643,9.2302160,4.6083798,2.5601685
138,WK014.20,43.853169999999999,-69.930790000000002,WK,66528,16770,815,47906,14278,204,0.6493527,1.8179330,1.5248966,1.0012270,3.4056053,2.8803511
139,WK014.30,43.847839999999998,-69.934320000000000,WK,55620,14826,677,40812,23208,1114,3.5459752,2.9549367,1.2990874,6.5819793,6.2614326,2.9350593
140,WK014.40,43.840249999999997,-69.938220000000001,WK,46545,7473,332,29861,5100,581,1.8493820,0.6493527,0.9505060,7.0000000,2.7298274,2.5662048
141,WK015.10,43.834139999999998,-69.927189999999996,WK,79319,13593,133,48312,4215,263,0.8371557,0.5366709,1.5378200,7.9097743,1.2403443,2.4363394
142,WK017.00,43.809440000000002,-69.931250000000006,WK,94806,23966,564,170010,35599,1697,5.4017234,4.5326095,5.4115911,12.0354614,5.9415841,7.1729636
143,WK018.00,43.850520000000003,-69.924769999999995,WK,75499,17648,301,63987,13854,0,0.0000000,1.7639476,2.0367713,0.0000000,3.1400726,3.3900847
144,WK018.10,43.856960000000001,-69.919110000000003,WK,86875,19622,631,121597,36507,1193,3.7974401,4.6482196,3.8705559,7.5625992,7.4420547,5.5987110
145,WK019.80,43.813369999999999,-69.943520000000007,WK,74216,22443,652,101134,44858,6392,20.3463860,5.7115026,3.2191980,39.2147255,7.9950094,5.4507923
146,WK020.00,43.814419999999998,-69.943280000000001,WK,76160,25333,792,101875,43892,2999,9.5461216,5.5885077,3.2427847,15.1464643,6.9304070,5.3505778
147,WK022.00,43.795479999999998,-69.945250000000001,WK,63211,15005,696,107684,27501,3369,10.7238693,3.5015390,3.4276910,19.3620682,7.3311563,6.8142571
148,WK023.00,43.781599999999997,-69.954939999999993,WK,75835,20421,575,136331,43500,843,2.6833546,5.5385966,4.3395543,5.8643479,8.5206404,7.1909275
149,WK023.10,43.785519999999998,-69.965209999999999,WK,40170,11875,557,59561,27483,2487,7.9163737,3.4992473,1.8958871,17.8599644,9.2574320,5.9308939
150,WK023.20,43.792149999999999,-69.957909999999998,WK,43057,10541,282,52917,2509,0,0.0000000,0.3194561,1.6844019,0.0000000,0.9520918,4.9159951
151,WK024.00,43.774279999999997,-69.966949999999997,WK,76299,22453,865,135828,44964,2814,8.9572477,5.7249990,4.3235431,13.0127163,8.0103331,7.1208272
152,WK025.00,43.762760000000000,-69.979179999999999,WK,55346,15587,749,174622,62610,1654,5.2648501,7.9717593,5.5583954,8.8331108,16.0672359,12.6203880
153,WK042.00,43.773960000000002,-69.954610000000002,WK,61516,14209,698,119569,25816,3047,9.6989107,3.2869980,3.8060026,17.4613190,7.2675066,7.7748227
154,WK044.00,43.793239999999997,-69.942419999999998,WK,70763,22035,492,114516,32505,578,1.8398327,4.1386685,3.6451607,4.6991868,5.9006128,6.4732132
155,WK044.50,43.783709999999999,-69.944940000000003,WK,79542,16784,643,102925,18442,458,1.4578605,2.3481104,3.2762072,2.8491447,4.3951383,5.1758819
156,WK048.00,43.774679999999996,-69.943020000000004,WK,44671,16107,466,72675,33477,795,2.5305657,4.2624278,2.3133190,6.8240342,8.3136520,6.5075774
157,WK052.00,43.779000000000003,-69.934899999999999,WK,53127,14971,669,61964,17612,1831,5.8282590,2.2424314,1.9723771,10.9476833,4.7056308,4.6653490
158,WK052.10,43.789900000000003,-69.935180000000003,WK,65333,22605,783,104019,28919,1563,4.9751878,3.6820846,3.3110304,7.9846745,5.1172748,6.3685427
159,WK052.80,43.793340000000001,-69.933880000000002,WK,72006,16800,600,138301,40863,538,1.7125087,5.2028432,4.4022613,3.5866666,9.7292852,7.6827488
160,WK052.90,43.794559999999997,-69.928870000000003,WK,53264,7792,325,113805,21728,173,0.5506766,2.7664971,3.6225288,2.1292307,11.1540041,8.5464859
161,WK053.00,43.800390000000000,-69.933580000000006,WK,85406,23109,708,192383,60156,2647,8.4256697,7.6593060,6.1237464,14.9548025,10.4125662,9.0102806
162,WK053.50,43.805599999999998,-69.931299999999993,WK,88509,25042,729,182424,48006,3676,11.7010813,6.1123190,5.8067412,20.1700954,7.6680775,8.2443142
163,WK054.50,43.809669999999997,-69.921610000000001,WK,62531,14473,518,105413,36464,603,1.9194102,4.6427445,3.3554029,4.6563706,10.0777998,6.7430873
164,WK055.00,43.830849999999998,-69.915920000000000,WK,100367,25321,665,125819,51647,6004,19.1113415,6.5759058,4.0049467,36.1142845,8.1587620,5.0143571
165,WK056.00,43.835880000000003,-69.913309999999996,WK,115897,28964,942,126178,44096,3041,9.6798115,5.6144819,4.0163741,12.9129515,6.0897665,4.3548322
166,WK057.00,43.824179999999998,-69.914249999999996,WK,68269,11494,265,117733,40622,828,2.6356082,5.1721582,3.7475610,12.4981136,14.1367674,6.8981824
167,WK058.00,43.826999999999998,-69.911529999999999,WK,74147,17428,727,151768,26178,2782,8.8553886,3.3330894,4.8309298,15.3067398,6.0082626,8.1874113
168,WK059.20,43.829250000000002,-69.904349999999994,WK,92890,24894,1019,201690,62275,5436,17.3033409,7.9291058,6.4199977,21.3385677,10.0064268,8.6851110
169,WK060.00,43.825820000000000,-69.904330000000002,WK,77265,16069,606,178454,42903,3681,11.7169971,5.4625840,5.6803722,24.2970295,10.6796942,9.2385426
170,WK061.00,43.827399999999997,-69.902929999999998,WK,91030,21511,652,203818,71647,3330,10.5997286,9.1223869,6.4877338,20.4294472,13.3228579,8.9560804
171,WK063.00,43.823419999999999,-69.901629999999997,WK,77827,15369,294,166048,48809,1087,3.4600313,6.2145600,5.2854767,14.7891159,12.7032337,8.5342102
172,WK063.10,43.820900000000002,-69.900580000000005,WK,75948,16465,688,135040,33483,2322,7.3911619,4.2631917,4.2984605,13.5000000,8.1343460,7.1122346
173,WK063.20,43.816060000000000,-69.899320000000003,WK,75783,19207,533,92498,19162,0,0.0000000,2.4397836,2.9443052,0.0000000,3.9906285,4.8822560
174,WK064.10,43.807920000000003,-69.907340000000005,WK,71815,17002,574,47309,10679,814,2.5910447,1.3596936,1.5058935,5.6724739,2.5124104,2.6350484
175,WK065.00,43.798800000000000,-69.914850000000001,WK,59724,18489,920,70641,13198,1604,5.1056948,1.6804230,2.2485747,6.9739132,2.8553193,4.7311635
176,WK066.00,43.799650000000000,-69.905640000000005,WK,101815,27314,691,153452,36430,2225,7.0824008,4.6384158,4.8845329,12.8798838,5.3349929,6.0286598
177,WK067.00,43.791699999999999,-69.897310000000004,WK,63963,19371,855,172256,54790,3498,11.1344891,6.9760852,5.4830832,16.3649120,11.3138199,10.7722273
178,WK068.00,43.788159999999998,-69.894340000000000,WK,51143,15533,875,120057,46537,4067,12.9456739,5.9252801,3.8215363,18.5919991,11.9840336,9.3899069
179,WK068.10,43.785330000000002,-69.897810000000007,WK,46355,18517,553,96479,30861,1087,3.4600313,3.9293480,3.0710247,7.8625679,6.6665225,8.3252296
180,WL005.00,43.802729999999997,-69.888909999999996,WL,64994,16207,625,131582,28126,704,2.2409034,3.5811167,4.1883888,4.5056000,6.9416919,8.0981016
181,WL006.00,43.817110000000000,-69.885810000000006,WL,78321,26414,814,105127,41193,1760,5.6022587,5.2448602,3.3462992,8.6486483,6.2380557,5.3690324
182,WL007.00,43.813530000000000,-69.881190000000004,WL,45497,12735,796,59888,19120,2227,7.0887671,2.4344361,1.9062959,11.1909552,6.0054965,5.2652264
183,WL010.00,43.828330000000001,-69.887569999999997,WL,92151,18319,796,120741,20085,2663,8.4765997,2.5573037,3.8433087,13.3819094,4.3856106,5.2410064
184,WL011.00,43.841140000000003,-69.884979999999999,WL,56115,9274,421,70790,13398,1923,6.1211042,1.7058878,2.2533176,18.2707844,5.7787361,5.0460663
185,WL012.00,43.838290000000001,-69.891080000000002,WL,92929,26342,695,134532,37185,1043,3.3199749,4.7345452,4.2822900,6.0028777,5.6464963,5.7907434
186,WL014.00,43.855980000000002,-69.891520000000000,WL,54454,9207,804,136515,27416,2834,9.0209103,3.4907165,4.3454113,14.0995026,11.9109373,10.0279131
187,WL015.00,43.857199999999999,-69.897700000000000,WL,56377,9905,181,119513,25550,0,0.0000000,3.2531297,3.8042202,0.0000000,10.3180208,8.4795570
188,WL018.00,43.855220000000003,-69.912859999999995,WL,84818,17578,669,175047,49732,4759,15.1483803,6.3320804,5.5719237,28.4544086,11.3168736,8.2551813
189,WL019.00,43.856670000000001,-69.914640000000006,WL,84988,14594,384,160453,49764,4364,13.8910551,6.3361545,5.1073818,45.4583321,13.6395779,7.5517955
190,WL020.00,43.848799999999997,-69.915999999999997,WL,91482,22803,660,117297,28054,1308,4.1634970,3.5719492,3.7336826,7.9272728,4.9211068,5.1287465
191,WL020.50,43.840800000000002,-69.920109999999994,WL,92334,28317,905,76306,8424,997,3.1735523,1.0725780,2.4288974,4.4066300,1.1899565,3.3056512
192,WL021.00,43.865340000000003,-69.915070000000000,WL,85053,24812,697,111283,34351,3978,12.6623783,4.3737087,3.5422509,22.8292675,5.5378041,5.2335839
193,WL022.00,43.866660000000003,-69.915610000000001,WL,91283,26099,356,113897,27878,0,0.0000000,3.5495403,3.6254573,0.0000000,4.2726541,4.9909401
194,WL022.50,43.869770000000003,-69.913939999999997,WL,94484,24545,641,106986,35452,1958,6.2325130,4.5138927,3.4054730,12.2184086,5.7774701,4.5292749
195,WL023.00,43.858770000000000,-69.913359999999997,WL,79464,12219,472,140198,48443,7659,24.3793755,6.1679597,4.4626446,64.9067764,15.8582535,7.0571833
196,WL025.00,43.866459999999996,-69.910060000000001,WL,66282,16202,493,86644,27703,0,0.0000000,3.5272584,2.7579665,0.0000000,6.8394027,5.2288103
197,WL026.00,43.872920000000001,-69.909499999999994,WL,91265,20239,486,104059,39576,598,1.9034947,5.0389771,3.3123035,4.9218106,7.8217301,4.5607405
198,WL027.00,43.869929999999997,-69.904190000000000,WL,55137,12593,544,69521,4993,0,0.0000000,0.6357290,2.2129240,0.0000000,1.5859605,5.0435100
199,WL028.00,43.868830000000003,-69.901550000000000,WL,44587,8702,310,49474,152,0,0.0000000,0.0193533,1.5748076,0.0000000,0.0698690,4.4384236
200,WL030.00,43.883800000000001,-69.894930000000002,WL,74296,12698,437,126115,29373,899,2.8616083,3.7398896,4.0143685,8.2288332,9.2527962,6.7898674
201,WL031.00,43.893439999999998,-69.892039999999994,WL,88933,19442,658,120191,11405,1349,4.2940040,1.4521309,3.8258016,8.2006083,2.3464663,5.4059124
202,WL033.00,43.888359999999999,-69.886520000000004,WL,77076,12432,465,67667,11533,0,0.0000000,1.4684284,2.1539094,0.0000000,3.7107465,3.5117028
203,WL034.50,43.894700000000000,-69.880359999999996,WL,95907,22826,537,118230,23565,0,0.0000000,3.0003915,3.7633810,0.0000000,4.1295013,4.9310269
204,WL035.00,43.907190000000000,-69.871949999999998,WL,110973,24500,475,281306,57762,1631,5.1916385,7.3544927,8.9542561,13.7347364,9.4305305,10.1396198
205,WL036.10,43.911459999999998,-69.869590000000002,WL,111132,25824,718,329953,106141,8263,26.3019676,13.5143032,10.5027390,46.0334244,16.4406757,11.8760757
206,WL036.70,43.918849999999999,-69.865710000000007,WL,113596,24938,1061,286866,88912,4747,15.1101828,11.3206367,9.1312361,17.8963242,14.2612877,10.1012716
207,WL036.80,43.929810000000003,-69.861040000000003,WL,118777,27193,582,160416,47317,861,2.7406504,6.0245929,5.1062040,5.9175258,6.9601736,5.4022579
208,WL036.90,43.930900000000001,-69.861369999999994,WL,119219,27713,614,159955,35357,2568,8.1742048,4.5017967,5.0915303,16.7296410,5.1033092,5.3667622
209,WL037.00,43.892260000000000,-69.880200000000002,WL,92973,22936,195,106956,26674,1254,3.9916093,3.3962421,3.4045181,25.7230778,4.6519008,4.6015940
210,WL037.20,43.892699999999998,-69.879099999999994,WL,97345,23415,646,122777,29982,2349,7.4771056,3.8174300,3.9081166,14.5448914,5.1218448,5.0450253
211,WL037.50,43.880049999999997,-69.887330000000006,WL,75278,19685,919,74297,20115,1673,5.3253288,2.5611236,2.3649490,7.2818279,4.0873761,3.9478731
212,WL038.00,43.868780000000001,-69.889750000000006,WL,51523,14201,617,81494,28792,1235,3.9311304,3.6659143,2.5940368,8.0064831,8.1098518,6.3268056
213,WL040.00,43.858130000000003,-69.881479999999996,WL,44477,10843,587,76947,24375,4455,14.1807175,3.1035240,2.4493012,30.3577518,8.9919767,6.9201608
214,WL042.00,43.867829999999998,-69.886129999999994,WL,57480,18399,458,90181,32705,0,0.0000000,4.1641335,2.8705528,0.0000000,7.1101689,6.2756438
215,WL042.10,43.867370000000001,-69.883290000000002,WL,61815,17839,172,96687,20922,0,0.0000000,2.6638739,3.0776453,0.0000000,4.6912942,6.2565398
216,WL043.10,43.874470000000002,-69.872200000000007,WL,76534,18695,240,70113,17261,0,0.0000000,2.1977406,2.2317679,0.0000000,3.6931801,3.6644106
217,WL044.00,43.860520000000001,-69.871849999999995,WL,56308,12227,458,110108,17956,0,0.0000000,2.2862308,3.5048494,0.0000000,5.8742127,7.8218369
218,WL044.40,43.882199999999997,-69.864909999999995,WL,98126,25304,576,91480,28934,0,0.0000000,3.6839943,2.9119012,0.0000000,4.5738225,3.7290831
219,WL044.50,43.886809999999997,-69.863320000000002,WL,116926,30025,1138,101683,45496,2710,8.6262054,5.7927356,3.2366731,9.5254831,6.0610824,3.4785421
220,WL045.00,43.880640000000000,-69.863100000000003,WL,92947,21954,595,93088,21398,769,2.4478052,2.7244804,2.9630857,5.1697478,3.8986974,4.0060678
221,WL045.50,43.877899999999997,-69.864140000000006,WL,85602,15600,385,102480,11992,238,0.7575782,1.5268701,3.2620425,2.4727273,3.0748718,4.7886729
222,WL046.00,43.880360000000003,-69.861789999999999,WL,93934,21215,659,109914,19068,1092,3.4759469,2.4278152,3.4986742,6.6282244,3.5951922,4.6804776
223,WL046.50,43.876040000000003,-69.862650000000002,WL,84112,12993,276,127493,13464,309,0.9835784,1.7142912,4.0582318,4.4782610,4.1450009,6.0630112
224,WL047.00,43.882219999999997,-69.853980000000007,WL,106099,27886,570,101804,35876,0,0.0000000,4.5678782,3.2405248,0.0000000,5.1460948,3.8380759
225,WL047.50,43.877409999999998,-69.855760000000004,WL,98441,18426,467,127688,22463,0,0.0000000,2.8600805,4.0644388,0.0000000,4.8763704,5.1884074
226,WL048.00,43.876139999999999,-69.851540000000000,WL,107947,25863,1050,110917,32947,3532,11.2427149,4.1949458,3.5306008,13.4552383,5.0956192,4.1100540
227,WL048.50,43.871560000000002,-69.864819999999995,WL,74878,17656,336,131754,37708,1475,4.6950746,4.8011355,4.1938634,17.5595245,8.5428181,7.0383291
228,WL049.00,43.860990000000001,-69.865939999999995,WL,75372,17127,343,136989,47095,1710,5.4431038,5.9963269,4.3604989,19.9416904,10.9990072,7.2700205
229,WL050.00,43.859099999999998,-69.859570000000005,WL,97901,25393,653,135537,49080,2047,6.5158091,6.2490649,4.3142805,12.5390501,7.7312646,5.5377169
230,WL051.00,43.857379999999999,-69.864289999999997,WL,78672,17490,802,129766,45867,2682,8.5370779,5.8399730,4.1305838,13.3765583,10.4898796,6.5978241
231,WL052.00,43.856619999999999,-69.867239999999995,WL,66737,13274,995,104766,32642,3096,9.8548822,4.1561122,3.3348081,12.4462309,9.8363714,6.2793355
232,WL053.00,43.855699999999999,-69.864869999999996,WL,77636,16564,832,111286,40116,4951,15.7595358,5.1077323,3.5423465,23.8028851,9.6875153,5.7337317
233,WL054.00,43.849809999999998,-69.866550000000004,WL,79524,20516,826,62558,17176,466,1.4833254,2.1869180,1.9912846,2.2566586,3.3488009,3.1466224
234,WL057.00,43.831310000000002,-69.867670000000004,WL,55565,19429,769,54986,27186,1951,6.2102313,3.4614320,1.7502602,10.1482449,5.5969944,3.9583192
235,WL060.00,43.829259999999998,-69.865489999999994,WL,43489,15868,509,49164,31119,3476,11.0644608,3.9621975,1.5649401,27.3163071,7.8444667,4.5219712
236,WL063.00,43.834449999999997,-69.852369999999993,WL,92926,19422,831,99357,25365,704,2.2409034,3.2295749,3.1626341,3.3886883,5.2239728,4.2768226
237,WL066.00,43.836480000000002,-69.847939999999994,WL,104402,23652,260,103150,37431,655,2.0849316,4.7658668,3.2833693,10.0769234,6.3302894,3.9520316
238,WL068.00,43.839190000000002,-69.845540000000000,WL,115254,26654,410,123072,30997,2788,8.8744869,3.9466639,3.9175067,27.2000008,4.6517596,4.2713313
239,WL070.00,43.831600000000002,-69.849320000000006,WL,89573,16187,400,132289,16595,86,0.2737467,2.1129427,4.2108932,0.8600000,4.1008215,5.9075389
240,WL071.00,43.828170000000000,-69.847840000000005,WL,87877,22509,615,133671,43345,96,0.3055778,5.5188613,4.2548838,0.6243902,7.7026968,6.0844588
241,WL073.00,43.815820000000002,-69.854489999999998,WL,66229,18651,941,86329,27990,3586,11.4146023,3.5638006,2.7479398,15.2433577,6.0028954,5.2139697
242,WL075.00,43.809690000000003,-69.858059999999995,WL,53419,19272,975,55122,19982,1769,5.6309066,2.5441895,1.7545892,7.2574358,4.1473641,4.1275201
243,WL076.00,43.812069999999999,-69.846940000000004,WL,97401,26988,827,76773,25795,1762,5.6086249,3.2843242,2.4437625,8.5223703,3.8231807,3.1528630
244,WL077.00,43.798250000000003,-69.850800000000007,WL,100221,25324,725,32395,15729,944,3.0048478,2.0026801,1.0311657,5.2082758,2.4844415,1.2929426
245,WL079.00,43.784599999999998,-69.873279999999994,WL,79141,20645,301,74498,18883,2078,6.6144848,2.4042602,2.3713470,27.6146183,3.6586099,3.7653303
246,WL081.00,43.780619999999999,-69.869140000000002,WL,88132,21571,604,111185,36536,3608,11.4846306,4.6519117,3.5391314,23.8940392,6.7750220,5.0462942
247,WL085.00,43.769010000000002,-69.863640000000004,WL,82762,21052,876,120602,45748,2215,7.0505700,5.8248210,3.8388841,10.1141548,8.6923809,5.8288589
248,WL087.00,43.763550000000002,-69.862510000000000,WL,76060,16162,758,96703,62760,4245,13.5122662,7.9908581,3.0781548,22.4010563,15.5327311,5.0856166
249,WL087.20,43.762120000000003,-69.861019999999996,WL,80997,19907,672,100241,48156,2033,6.4712453,6.1314178,3.1907728,12.1011906,9.6761942,4.9503560
250,WL089.00,43.751719999999999,-69.864360000000005,WL,61460,19627,800,92950,31822,1454,4.6282296,4.0517063,2.9586928,7.2700000,6.4853520,6.0494633
251,WL095.50,43.746630000000003,-69.855860000000007,WL,54748,13553,940,88729,15346,1459,4.6441450,1.9539150,2.8243341,6.2085109,4.5291820,6.4827209
252,WL096.00,43.754600000000003,-69.842770000000002,WL,108364,24480,824,82459,15499,621,1.9767060,1.9733956,2.6247537,3.0145631,2.5325162,3.0437784
253,WL097.00,43.746330000000000,-69.844139999999996,WL,79304,18261,538,78146,17771,785,2.4987347,2.2626760,2.4874666,5.8364310,3.8926675,3.9415917
254,WL098.00,43.740180000000002,-69.841830000000002,WL,88976,23376,625,81067,28234,1835,5.8409915,3.5948675,2.5804451,11.7440004,4.8312798,3.6444435
255,WL099.00,43.732750000000003,-69.845529999999997,WL,82350,17207,342,73156,22363,579,1.8430158,2.8473480,2.3286297,6.7719297,5.1985822,3.5534184
256,WL101.00,43.729640000000003,-69.838130000000007,WL,100711,23780,584,84283,23223,1770,5.6340899,2.9568467,2.6828134,12.1232872,3.9063079,3.3475192
257,WL101.80,43.723210000000002,-69.848849999999999,WL,78451,23124,586,99071,50512,1782,5.6722870,6.4313931,3.1535306,12.1638222,8.7375889,5.0513568
258,WL102.00,43.720669999999998,-69.850480000000005,WL,73788,18141,70,81114,52641,548,1.7443397,6.7024660,2.5819409,31.3142853,11.6070776,4.3971376
259,WL103.00,43.717019999999998,-69.849310000000003,WL,77976,19651,659,87192,33832,2462,7.8367958,4.3076277,2.7754099,14.9438543,6.8865705,4.4727607